기업명: KB금융
기업 고유번호: 00688996
사업연도: 2025
보고서 코드: 11011
재무제표 구분: CFS

[재무상태표 (BS)]
----------------------------------------------------------------------------------------------------
계정명                                                    당기 금액                    전기 금액
----------------------------------------------------------------------------------------------------
현금 및 예치금                            34,776,877,000,000       29,869,111,000,000
상각후원가 측정 대출채권                 491,978,044,000,000      472,071,840,000,000
매각예정자산                                 174,919,000,000          136,838,000,000
매각예정처분자산집단                          94,215,000,000                        0
투자금융자산                             134,986,677,000,000      131,009,464,000,000
자산총계                                 797,923,033,000,000      757,845,532,000,000
당기법인세자산                               388,589,000,000          339,855,000,000
이연법인세자산                               193,034,000,000          278,824,000,000
파생상품자산                               8,178,056,000,000       11,730,767,000,000
당기손익-공정가치 측정 금융자산           89,862,530,000,000       79,450,093,000,000
보험계약자산                                 271,152,000,000          276,191,000,000
무형자산                                   1,609,427,000,000        1,966,684,000,000
관계기업 및 공동기업 투자                  1,137,184,000,000          947,390,000,000
투자부동산                                 3,224,180,000,000        3,759,176,000,000
기타자산                                  24,045,128,000,000       18,863,637,000,000
유형자산                                   5,133,801,000,000        5,390,015,000,000
순확정급여자산                               353,366,000,000          258,500,000,000
재보험계약자산                             1,515,854,000,000        1,497,147,000,000
자본총계                                  60,829,989,000,000       59,815,181,000,000
지배기업주주지분                          59,048,211,000,000       57,888,952,000,000
자본잉여금                                16,633,518,000,000       16,646,734,000,000
신종자본증권                               4,359,388,000,000        5,082,578,000,000
기타포괄손익누계액                          -467,456,000,000          496,922,000,000
자본금                                     2,090,558,000,000        2,090,558,000,000
이익잉여금                                38,333,741,000,000       34,808,220,000,000
자기주식                                   1,901,538,000,000        1,236,060,000,000
비지배지분                                 1,781,778,000,000        1,926,229,000,000
부채와자본총계                           797,923,033,000,000      757,845,532,000,000
사채                                      80,049,270,000,000       76,171,257,000,000
당기법인세부채                               610,484,000,000          530,720,000,000
이연법인세부채                             1,819,080,000,000        1,682,292,000,000
예수부채                                 462,397,026,000,000      435,687,897,000,000
파생상품부채                               8,234,289,000,000       11,783,494,000,000
당기손익-공정가치 측정 금융부채           11,320,590,000,000       10,720,231,000,000
보험계약부채                              56,790,030,000,000       55,863,701,000,000
부채총계                                 737,093,044,000,000      698,030,351,000,000
매각예정처분부채집단                          68,290,000,000                        0
차입부채                                  70,728,396,000,000       68,077,012,000,000
기타부채                                  43,651,463,000,000       36,429,662,000,000
충당부채                                   1,264,390,000,000          927,632,000,000
순확정급여부채                               100,088,000,000          100,187,000,000
재보험계약부채                                59,648,000,000           56,266,000,000
----------------------------------------------------------------------------------------------------
총 계정 수: 42개

[현금흐름표 (CF)]
----------------------------------------------------------------------------------------------------
계정명                                                    당기 금액                    전기 금액
----------------------------------------------------------------------------------------------------
기초 현금 및 현금성자산                   24,608,867,000,000       25,826,588,000,000
기말 현금 및 현금성자산                   29,020,564,000,000       24,608,867,000,000
재무활동으로부터의 현금흐름                5,797,923,000,000       -1,983,837,000,000
자기주식의 취득                            1,480,000,000,000          820,000,000,000
신탁계정미지급금의 증가                    2,905,896,000,000           89,900,000,000
신종자본증권의 발행                          404,028,000,000          399,059,000,000
신종자본증권의 상환                        1,130,000,000,000          350,000,000,000
신종자본증권 배당금의 지급                   202,392,000,000          199,800,000,000
위험회피목적 파생금융상품의 순현...         -276,837,000,000         -216,883,000,000
차입부채의 순증감                          3,844,056,000,000       -4,358,474,000,000
비지배지분의 증감                           -103,724,000,000          115,292,000,000
배당금의 지급                              1,302,291,000,000        1,486,978,000,000
기타                                        -253,186,000,000          -28,151,000,000
리스부채의 원금상환                          366,953,000,000          311,363,000,000
사채의 발행                               93,229,857,000,000       86,031,647,000,000
사채의 상환                               89,470,531,000,000       80,848,086,000,000
투자활동으로부터의 현금흐름               -5,537,899,000,000       -3,825,055,000,000
투자금융자산의 처분                       52,496,175,000,000       45,225,323,000,000
당기손익-공정가치 측정 금융자산...        24,532,395,000,000       15,648,112,000,000
당기손익-공정가치 측정 금융자산...        25,180,947,000,000       16,365,119,000,000
투자금융자산의 취득                       57,231,392,000,000       47,328,121,000,000
위험회피목적 파생금융상품의 순현...         -125,312,000,000          -44,552,000,000
종속기업 변동에 따른 순현금흐름             -264,868,000,000           88,528,000,000
기타                                         356,861,000,000         -397,226,000,000
무형자산의 처분                               11,702,000,000           21,073,000,000
투자부동산의 처분                            675,864,000,000          264,948,000,000
관계기업및공동기업투자의 처분                257,829,000,000           98,497,000,000
유형자산의 처분                               91,927,000,000           18,616,000,000
무형자산의 취득                              221,529,000,000          289,731,000,000
관계기업및공동기업투자의 취득                419,661,000,000          339,469,000,000
투자부동산의 취득                            183,503,000,000           88,756,000,000
유형자산의 취득                              333,440,000,000          337,178,000,000
영업활동으로부터의 현금흐름                4,226,378,000,000        4,020,186,000,000
자산ㆍ부채의 증감                          4,966,358,000,000        3,091,952,000,000
상각후원가 측정 대출채권                 -23,368,272,000,000      -27,515,988,000,000
당기손익-공정가치 측정 금융자산           -7,550,760,000,000         -700,633,000,000
기타포괄손익-공정가치 측정 대출채권         -548,985,000,000         -646,377,000,000
재보험계약자산                            -1,258,024,000,000       -1,498,923,000,000
당기법인세자산                               -48,734,000,000          -95,539,000,000
이연법인세자산                                83,410,000,000            5,201,000,000
당기손익-공정가치측정 금융부채               -58,243,000,000         -183,609,000,000
보험계약부채                              13,387,533,000,000       11,807,838,000,000
당기법인세부채                                79,765,000,000          385,385,000,000
이연법인세부채                               354,843,000,000          367,748,000,000
파생금융상품                                   2,162,000,000         -207,969,000,000
보험계약자산                                   5,039,000,000          -46,550,000,000
투자계약부채                               4,290,505,000,000        1,106,677,000,000
재보험계약부채                                -2,261,000,000           49,018,000,000
기타자산                                  -9,035,662,000,000        1,393,446,000,000
예수부채                                  23,150,126,000,000       23,821,056,000,000
기타부채                                   5,483,916,000,000       -4,948,829,000,000
손익조정사항                              -6,580,695,000,000       -4,100,372,000,000
외화환산손익                                -730,732,000,000         -620,754,000,000
당기손익-공정가치 측정 금융상품...        -2,246,763,000,000           29,212,000,000
위험회피목적 파생금융상품 순손익              61,260,000,000          168,387,000,000
투자금융자산순손익                          -100,042,000,000          103,986,000,000
유무형자산기타순손익                        -152,580,000,000          145,164,000,000
관계기업 및 공동기업 투자손익                -26,852,000,000           16,884,000,000
순이자손익                                   250,558,000,000            6,122,000,000
감가상각비 및 상각비                         914,686,000,000          916,295,000,000
주식보상비용                                 153,882,000,000          140,453,000,000
신용손실충당금 (전)환입액                  2,362,878,000,000        2,044,286,000,000
재보험계약관련손익                        -1,241,676,000,000       -1,659,880,000,000
보험계약관련손익                          10,823,339,000,000       10,922,966,000,000
기타손익                                     860,422,000,000          793,690,000,000
확정급여형퇴직급여                           192,787,000,000          177,481,000,000
당기순이익                                 5,840,715,000,000        5,028,606,000,000
외화표시 현금 및 현금성자산에 대...          -74,705,000,000          570,985,000,000
현금 및 현금성자산의 순증감                4,411,697,000,000       -1,217,721,000,000
----------------------------------------------------------------------------------------------------
총 계정 수: 69개

[포괄손익계산서 (CIS)]
----------------------------------------------------------------------------------------------------
계정명                                                    당기 금액                    전기 금액
----------------------------------------------------------------------------------------------------
당기손익-공정가치 측정 금융상품...         3,380,205,000,000        1,012,081,000,000
보험서비스결과                             1,303,373,000,000        1,649,761,000,000
보험비용                                  11,073,173,000,000        9,806,430,000,000
재보험비용                                   859,974,000,000          922,262,000,000
보험서비스비용                            10,213,199,000,000        8,884,168,000,000
보험수익                                  12,376,546,000,000       11,456,191,000,000
재보험수익                                   724,665,000,000          439,036,000,000
보험수익                                  11,651,881,000,000       11,017,155,000,000
영업외손익                                  -334,565,000,000       -1,060,014,000,000
기타영업외손익                              -361,417,000,000       -1,043,130,000,000
관계기업 및 공동기업 투자손익                 26,852,000,000          -16,884,000,000
기타보험금융손익                          -1,026,721,000,000         -437,001,000,000
신용손실충당금 반영전 영업이익            10,880,589,000,000       10,089,547,000,000
당기총포괄이익                             4,880,298,000,000        3,405,894,000,000
비지배지분총포괄손익                           1,770,000,000          -13,958,000,000
지배기업주주지분총포괄손익                 4,878,528,000,000        3,419,852,000,000
기본주당이익                                          15,410                   12,880
희석주당이익                                          15,261                   12,726
순수수료손익                               4,098,287,000,000        3,849,627,000,000
수수료비용                                 1,675,234,000,000        1,632,216,000,000
수수료수익                                 5,773,521,000,000        5,481,843,000,000
신용손실충당금 (전)환입액                  2,362,878,000,000        2,044,286,000,000
법인세비용                                 2,342,431,000,000        1,956,641,000,000
순이자손익                                13,073,093,000,000       12,826,714,000,000
이자비용                                  16,083,007,000,000       17,664,671,000,000
보험금융이자비용                           1,504,488,000,000        1,477,757,000,000
이자비용                                  14,578,519,000,000       16,186,914,000,000
이자수익                                  29,156,100,000,000       30,491,385,000,000
보험금융이자수익                              37,205,000,000           31,317,000,000
당기손익-공정가치로 측정하는 금...         1,436,152,000,000        1,458,512,000,000
기타포괄손익-공정가치 측정 및 상...       27,682,743,000,000       29,001,556,000,000
법인세비용차감후 기타포괄손익               -960,417,000,000       -1,622,712,000,000
현금흐름위험회피수단의 손익                 -289,508,000,000           34,741,000,000
외환차이                                     -28,814,000,000          582,872,000,000
기타포괄손익-공정가치 측정 채무...        -1,992,733,000,000        1,468,299,000,000
해외사업장순투자위험회피수단의 손익           39,631,000,000         -186,708,000,000
보험계약자산(부채)순금융손익               1,159,681,000,000       -3,176,328,000,000
관계기업 및 공동기업 기타포괄손...             2,018,000,000              165,000,000
당기손익-공정가치 지정 금융부채 ...           -3,222,000,000           -5,514,000,000
기타포괄손익-공정가치 측정 지분...           124,513,000,000         -254,864,000,000
순확정급여부채의 재측정요소                   28,017,000,000          -85,375,000,000
관계기업 및 공동기업 기타포괄손...                         0                        0
기타영업손익                              -2,883,075,000,000       -1,873,011,000,000
당기순이익                                 5,840,715,000,000        5,028,606,000,000
비지배지분순이익                               7,553,000,000          -49,615,000,000
지배기업주주지분순이익                     5,833,162,000,000        5,078,221,000,000
법인세비용차감전순이익                     8,183,146,000,000        6,985,247,000,000
영업이익                                   8,517,711,000,000        8,045,261,000,000
일반관리비                                 7,064,573,000,000        6,938,624,000,000
----------------------------------------------------------------------------------------------------
총 계정 수: 49개

[자본변동표 (SCE)]
----------------------------------------------------------------------------------------------------
계정명                                                    당기 금액                    전기 금액
----------------------------------------------------------------------------------------------------
기초                                       2,090,558,000,000        2,090,558,000,000
기초                                      -1,236,060,000,000       -1,165,837,000,000
기초                                      34,808,220,000,000       31,934,600,000,000
기초                                       5,082,578,000,000        5,032,803,000,000
기초                                      16,646,734,000,000       16,647,916,000,000
기초                                      57,888,952,000,000       56,692,684,000,000
기초                                       1,926,229,000,000        1,943,506,000,000
기초                                      59,815,181,000,000       58,636,190,000,000
기초                                         496,922,000,000        2,152,644,000,000
연차배당                                                   0                        0
연차배당                                                   0                        0
연차배당                                                   0                        0
연차배당                                     298,285,000,000          587,006,000,000
연차배당                                                   0                        0
연차배당                                                   0                        0
연차배당                                     298,285,000,000          587,006,000,000
연차배당                                     298,285,000,000          587,006,000,000
연차배당                                                   0                        0
신종자본증권 배당                            304,941,000,000          276,962,000,000
신종자본증권 배당                            102,549,000,000           77,162,000,000
신종자본증권 배당                            202,392,000,000          199,800,000,000
신종자본증권 배당                                          0                        0
신종자본증권 배당                                          0                        0
신종자본증권 배당                            202,392,000,000          199,800,000,000
신종자본증권 배당                                          0                        0
신종자본증권 배당                                          0                        0
신종자본증권 배당                                          0                        0
자기주식 소각                                              0                        0
자기주식 소각                                              0                        0
자기주식 소각                                              0                        0
자기주식 소각                                              0                        0
자기주식 소각                                              0                        0
자기주식 소각                               -814,522,000,000         -515,177,000,000
자기주식 소각                                814,522,000,000          515,177,000,000
자기주식 소각                                              0                        0
자기주식 소각                                              0                        0
자기주식 취득                              1,480,000,000,000          820,000,000,000
자기주식 취득                                              0                        0
자기주식 취득                              1,480,000,000,000          820,000,000,000
자기주식 취득                                              0                        0
자기주식 취득                                              0                        0
자기주식 취득                                              0                        0
자기주식 취득                              1,480,000,000,000          820,000,000,000
자기주식 취득                                              0                        0
자기주식 취득                                              0                        0
자기주식 처분                                              0          238,575,000,000
자기주식 처분                                              0                        0
자기주식 처분                                              0          238,575,000,000
자기주식 처분                                              0                        0
자기주식 처분                                              0                        0
자기주식 처분                                              0                        0
자기주식 처분                                              0          234,600,000,000
자기주식 처분                                              0                        0
자기주식 처분                                              0            3,975,000,000
분기배당                                   1,004,006,000,000          899,971,000,000
분기배당                                                   0                        0
분기배당                                   1,004,006,000,000          899,971,000,000
분기배당                                                   0                        0
분기배당                                                   0                        0
분기배당                                   1,004,006,000,000          899,971,000,000
분기배당                                                   0                        0
분기배당                                                   0                        0
분기배당                                                   0                        0
신종자본증권 발행                            404,028,000,000        1,155,376,000,000
신종자본증권 발행                                          0          756,317,000,000
신종자본증권 발행                            404,028,000,000          399,059,000,000
신종자본증권 발행                                          0                        0
신종자본증권 발행                            404,028,000,000          399,059,000,000
신종자본증권 발행                                          0                        0
신종자본증권 발행                                          0                        0
신종자본증권 발행                                          0                        0
신종자본증권 발행                                          0                        0
신종자본증권 상환                          1,127,218,000,000        1,009,150,000,000
신종자본증권 상환                                          0          659,866,000,000
신종자본증권 상환                          1,127,218,000,000          349,284,000,000
신종자본증권 상환                                          0                        0
신종자본증권 상환                          1,127,218,000,000          349,284,000,000
신종자본증권 상환                                          0                        0
신종자본증권 상환                                          0                        0
신종자본증권 상환                                          0                        0
신종자본증권 상환                                          0                        0
종속기업에 대한 소유지분 변동                -32,471,000,000           12,198,000,000
종속기업에 대한 소유지분 변동                -22,070,000,000           12,198,000,000
종속기업에 대한 소유지분 변동                -10,401,000,000                        0
종속기업에 대한 소유지분 변동                              0                        0
종속기업에 대한 소유지분 변동                              0                        0
종속기업에 대한 소유지분 변동                              0                        0
종속기업에 대한 소유지분 변동                              0                        0
종속기업에 대한 소유지분 변동                              0                        0
종속기업에 대한 소유지분 변동                -10,401,000,000                        0
기타                                         -22,597,000,000          -39,963,000,000
기타                                         -21,602,000,000          -34,806,000,000
기타                                            -995,000,000           -5,157,000,000
기타                                                       0                        0
기타                                                       0                        0
기타                                           1,820,000,000                        0
기타                                                       0                        0
기타                                                       0                        0
기타                                          -2,815,000,000           -5,157,000,000
기타포괄손익-공정가치 측정 금융...        -1,868,220,000,000        1,213,435,000,000
기타포괄손익-공정가치 측정 금융...               -55,000,000             -427,000,000
기타포괄손익-공정가치 측정 금융...        -1,868,165,000,000        1,213,862,000,000
기타포괄손익-공정가치 측정 금융...        -1,877,909,000,000        1,216,509,000,000
기타포괄손익-공정가치 측정 금융...                         0                        0
기타포괄손익-공정가치 측정 금융...             9,744,000,000           -2,647,000,000
기타포괄손익-공정가치 측정 금융...                         0                        0
기타포괄손익-공정가치 측정 금융...                         0                        0
기타포괄손익-공정가치 측정 금융...                         0                        0
현금흐름위험회피수단의 손익                 -289,508,000,000           34,741,000,000
현금흐름위험회피수단의 손익                  -23,678,000,000              -22,000,000
현금흐름위험회피수단의 손익                 -265,830,000,000           34,763,000,000
현금흐름위험회피수단의 손익                 -265,830,000,000           34,763,000,000
현금흐름위험회피수단의 손익                                0                        0
현금흐름위험회피수단의 손익                                0                        0
현금흐름위험회피수단의 손익                                0                        0
현금흐름위험회피수단의 손익                                0                        0
현금흐름위험회피수단의 손익                                0                        0
당기손익-공정가치 지정 금융부채 ...           -3,222,000,000           -5,514,000,000
당기손익-공정가치 지정 금융부채 ...                        0                        0
당기손익-공정가치 지정 금융부채 ...           -3,222,000,000           -5,514,000,000
당기손익-공정가치 지정 금융부채 ...           -3,222,000,000           -5,514,000,000
당기손익-공정가치 지정 금융부채 ...                        0                        0
당기손익-공정가치 지정 금융부채 ...                        0                        0
당기손익-공정가치 지정 금융부채 ...                        0                        0
당기손익-공정가치 지정 금융부채 ...                        0                        0
당기손익-공정가치 지정 금융부채 ...                        0                        0
외환차이                                     -28,814,000,000          582,872,000,000
외환차이                                      18,548,000,000           35,535,000,000
외환차이                                     -47,362,000,000          547,337,000,000
외환차이                                     -47,362,000,000          547,337,000,000
외환차이                                                   0                        0
외환차이                                                   0                        0
외환차이                                                   0                        0
외환차이                                                   0                        0
외환차이                                                   0                        0
순확정급여부채의 재측정요소                   28,017,000,000          -85,375,000,000
순확정급여부채의 재측정요소                     -598,000,000              571,000,000
순확정급여부채의 재측정요소                   28,615,000,000          -85,946,000,000
순확정급여부채의 재측정요소                   28,615,000,000          -85,946,000,000
순확정급여부채의 재측정요소                                0                        0
순확정급여부채의 재측정요소                                0                        0
순확정급여부채의 재측정요소                                0                        0
순확정급여부채의 재측정요소                                0                        0
순확정급여부채의 재측정요소                                0                        0
해외사업장순투자위험회피수단의 손익           39,631,000,000         -186,708,000,000
해외사업장순투자위험회피수단의 손익                        0                        0
해외사업장순투자위험회피수단의 손익           39,631,000,000         -186,708,000,000
해외사업장순투자위험회피수단의 손익           39,631,000,000         -186,708,000,000
해외사업장순투자위험회피수단의 손익                        0                        0
해외사업장순투자위험회피수단의 손익                        0                        0
해외사업장순투자위험회피수단의 손익                        0                        0
해외사업장순투자위험회피수단의 손익                        0                        0
해외사업장순투자위험회피수단의 손익                        0                        0
보험계약자산(부채)순금융손익               1,159,681,000,000       -3,176,328,000,000
보험계약자산(부채)순금융손익                               0                        0
보험계약자산(부채)순금융손익               1,159,681,000,000       -3,176,328,000,000
보험계약자산(부채)순금융손익               1,159,681,000,000       -3,176,328,000,000
보험계약자산(부채)순금융손익                               0                        0
보험계약자산(부채)순금융손익                               0                        0
보험계약자산(부채)순금융손익                               0                        0
보험계약자산(부채)순금융손익                               0                        0
보험계약자산(부채)순금융손익                               0                        0
관계기업 및 공동기업 기타포괄손...             2,018,000,000              165,000,000
관계기업 및 공동기업 기타포괄손...                         0                        0
관계기업 및 공동기업 기타포괄손...             2,018,000,000              165,000,000
관계기업 및 공동기업 기타포괄손...             2,018,000,000              165,000,000
관계기업 및 공동기업 기타포괄손...                         0                        0
관계기업 및 공동기업 기타포괄손...                         0                        0
관계기업 및 공동기업 기타포괄손...                         0                        0
관계기업 및 공동기업 기타포괄손...                         0                        0
관계기업 및 공동기업 기타포괄손...                         0                        0
당기순이익                                 5,840,715,000,000        5,028,606,000,000
당기순이익                                     7,553,000,000          -49,615,000,000
당기순이익                                 5,833,162,000,000        5,078,221,000,000
당기순이익                                                 0                        0
당기순이익                                                 0                        0
당기순이익                                 5,833,162,000,000        5,078,221,000,000
당기순이익                                                 0                        0
당기순이익                                                 0                        0
당기순이익                                                 0                        0
자본총계                                  60,829,989,000,000       59,815,181,000,000
자본총계                                   1,781,778,000,000        1,926,229,000,000
자본총계                                  59,048,211,000,000       57,888,952,000,000
자본총계                                    -467,456,000,000          496,922,000,000
자본총계                                   4,359,388,000,000        5,082,578,000,000
자본총계                                  38,333,741,000,000       34,808,220,000,000
자본총계                                  -1,901,538,000,000       -1,236,060,000,000
자본총계                                   2,090,558,000,000        2,090,558,000,000
자본총계                                  16,633,518,000,000       16,646,734,000,000

기업명: 신한지주
기업 고유번호: 00382199
사업연도: 2025
보고서 코드: 11011
재무제표 구분: CFS

[재무상태표 (BS)]
----------------------------------------------------------------------------------------------------
계정명                                                    당기 금액                    전기 금액
----------------------------------------------------------------------------------------------------
현금 및 상각후원가측정예치금              39,742,605,000,000       40,525,712,000,000
상각후원가측정대출채권                   464,773,880,000,000      449,295,238,000,000
상각후원가측정유가증권                    31,944,368,000,000       33,315,999,000,000
기타포괄손익-공정가치측정유가증권        103,216,950,000,000       93,805,369,000,000
자산총계                                 786,013,485,000,000      739,764,256,000,000
당기법인세자산                                68,609,000,000           54,658,000,000
이연법인세자산                               209,718,000,000          205,506,000,000
파생상품자산                               7,153,950,000,000       10,279,257,000,000
당기손익-공정가치측정금융자산             78,053,377,000,000       72,146,845,000,000
보험계약자산                                     760,000,000            5,639,000,000
무형자산                                   5,893,158,000,000        6,120,133,000,000
관계기업에 대한 투자자산                   2,639,202,000,000        2,752,980,000,000
투자부동산                                   611,620,000,000          327,696,000,000
매각예정자산                                  71,212,000,000           29,583,000,000
기타자산                                  46,524,351,000,000       26,401,598,000,000
유형자산                                   4,153,186,000,000        4,157,592,000,000
순확정급여자산                               353,097,000,000          155,697,000,000
재보험계약자산                               603,442,000,000          184,754,000,000
자본총계                                  60,372,324,000,000       58,821,033,000,000
지배기업 소유주지분                       57,959,272,000,000       56,053,756,000,000
자본조정                                  -1,180,080,000,000         -807,114,000,000
자본잉여금                                12,098,558,000,000       12,094,968,000,000
신종자본증권                               4,749,837,000,000        4,600,121,000,000
기타포괄손익누계액                        -2,474,813,000,000       -1,824,440,000,000
자본금                                     2,969,641,000,000        2,969,641,000,000
이익잉여금                                41,796,129,000,000       39,020,580,000,000
비지배지분                                 2,413,052,000,000        2,767,277,000,000
자본과부채총계                           786,013,485,000,000      739,764,256,000,000
사채                                      92,991,422,000,000       93,765,854,000,000
당기법인세부채                               763,377,000,000          203,131,000,000
이연법인세부채                               446,799,000,000          423,821,000,000
예수부채                                 447,648,971,000,000      422,781,045,000,000
파생상품부채                               7,020,846,000,000       10,058,532,000,000
당기손익-공정가치측정금융부채              2,312,487,000,000          954,899,000,000
당기손익-공정가치측정지정금융부채          6,378,064,000,000        8,220,475,000,000
보험계약부채                              50,471,303,000,000       51,124,629,000,000
투자계약부채                               1,536,393,000,000        1,165,022,000,000
부채총계                                 725,641,161,000,000      680,943,223,000,000
매각예정부채                                   1,465,000,000                        0
차입부채                                  55,394,834,000,000       49,920,373,000,000
기타부채                                  59,237,657,000,000       40,879,509,000,000
충당부채                                   1,363,345,000,000        1,308,896,000,000
순확정급여부채                                17,820,000,000           38,974,000,000
재보험계약부채                                56,378,000,000           98,063,000,000
----------------------------------------------------------------------------------------------------
총 계정 수: 44개

[현금흐름표 (CF)]
----------------------------------------------------------------------------------------------------
계정명                                                    당기 금액                    전기 금액
----------------------------------------------------------------------------------------------------
기초의 현금 및 현금성자산                 35,247,543,000,000       30,416,884,000,000
기말의 현금 및 현금성자산                 35,295,123,000,000       35,247,543,000,000
매각예정자산에 포함된 현금및현금...            3,309,000,000                        0
재무활동순현금흐름                         1,250,645,000,000         -182,650,000,000
당기손익-공정가치측정지정금융부...            50,000,000,000                        0
당기손익-공정가치측정지정금융부...            99,985,000,000                        0
신종자본증권의 발행                          797,870,000,000          797,866,000,000
신종자본증권의 상환                          650,000,000,000          200,000,000,000
위험회피활동으로 인한 현금유출             2,556,770,000,000        2,655,404,000,000
위험회피활동으로 인한 현금유입             2,705,549,000,000        2,774,765,000,000
기타부채의 감소                               95,556,000,000           61,797,000,000
비지배지분의 증감                           -547,355,000,000           54,717,000,000
기타부채의 증가                                            0                        0
전환우선주 전환비용                                        0                        0
차입부채의 증감                            5,125,412,000,000       -8,231,239,000,000
자기주식의 소각 비용                              69,000,000              102,000,000
배당금의 지급                              1,293,828,000,000        1,267,146,000,000
리스부채의 상환                              281,530,000,000          272,634,000,000
자기주식의 취득                            1,250,001,000,000          700,000,000,000
사채의 발행                               44,481,665,000,000       54,660,582,000,000
자기주식의 처분                                            0              297,000,000
사채의 상환                               45,234,727,000,000       45,082,555,000,000
투자활동순현금흐름                       -10,903,780,000,000          148,533,000,000
당기손익-공정가치측정금융상품의 ...        4,584,365,000,000        5,846,223,000,000
상각후원가측정유가증권의 감소              7,073,830,000,000        7,646,004,000,000
기타포괄손익-공정가치측정유가증...        50,955,576,000,000       44,576,886,000,000
당기손익-공정가치측정금융상품의 ...        4,963,361,000,000        7,043,560,000,000
상각후원가측정유가증권의 취득              5,478,916,000,000        5,109,510,000,000
기타포괄손익-공정가치측정유가증...        61,673,847,000,000       44,514,955,000,000
사업결합에 따른 순현금흐름                  -124,004,000,000                        0
지배력상실로 인한 순현금유입                  98,267,000,000                        0
지배력획득으로 인한 순현금유출               947,246,000,000                        0
위험회피활동으로 인한 현금유출               265,683,000,000          236,988,000,000
위험회피활동으로 인한 현금유입                42,920,000,000           50,300,000,000
기타자산의 증감                               -5,264,000,000           31,741,000,000
매각예정자산의 처분                           48,867,000,000                        0
무형자산의 처분                               14,445,000,000            8,102,000,000
관계기업에 대한 투자자산의 처분              601,006,000,000          326,439,000,000
투자부동산의 처분                              9,128,000,000            5,281,000,000
유형자산의 처분                                7,729,000,000            6,652,000,000
무형자산의 취득                              378,410,000,000          514,938,000,000
관계기업에 대한 투자자산의 취득              239,959,000,000          662,106,000,000
투자부동산의 취득                              4,564,000,000            3,202,000,000
유형자산의 취득                              258,659,000,000          263,836,000,000
영업활동순현금흐름                         9,730,881,000,000        4,626,299,000,000
영업에서 창출된 현금흐름                  -1,684,132,000,000       -7,858,342,000,000
자산ㆍ부채의 증감                            259,242,000,000       -5,309,757,000,000
상각후원가 측정 예치금                       731,113,000,000         -408,314,000,000
상각후원가측정대출채권                   -17,106,486,000,000      -34,952,582,000,000
재보험계약자산                              -418,688,000,000          -96,401,000,000
보험계약부채                                -409,819,000,000         -916,060,000,000
충당부채                                    -169,300,000,000         -505,457,000,000
당기손익-공정가치측정예치금                    1,053,000,000           -5,418,000,000
파생상품                                     378,311,000,000          -83,294,000,000
당기손익-공정가치측정지정금융상품         -1,853,330,000,000          379,352,000,000
보험계약자산                                   4,879,000,000            5,015,000,000
당기손익-공정가치측정대출채권                380,767,000,000         -138,009,000,000
재보험계약부채                              -226,184,000,000              936,000,000
당기손익-공정가치측정유가증권             -2,887,391,000,000         -159,581,000,000
기타자산                                 -20,923,665,000,000        2,036,969,000,000
예수부채                                  24,093,267,000,000       38,873,523,000,000
순확정급여부채                              -413,143,000,000         -246,347,000,000
투자계약부채                                 332,236,000,000         -467,655,000,000
기타부채                                  18,745,622,000,000       -8,626,434,000,000
당기순이익조정을 위한 가감                -7,027,893,000,000       -7,106,755,000,000
신용손실충당금 전입액                      2,002,965,000,000        2,013,274,000,000
외환거래손익                                 284,765,000,000          107,294,000,000
기타영업외손익                              -265,392,000,000         -323,593,000,000
기타영업손익                                -815,185,000,000         -687,447,000,000
기타포괄손익-공정가치측정유가증...           193,612,000,000           60,260,000,000
상각후원가측정유가증권처분손익                   -56,000,000          -23,155,000,000
종업원급여                                   238,848,000,000          157,711,000,000
수수료손익                                   378,283,000,000          330,896,000,000
당기손익-공정가치측정지정금융상...           -43,372,000,000           35,604,000,000
당기손익-공정가치측정금융상품 관...         -846,030,000,000         -678,697,000,000
파생상품관련손익                            -510,524,000,000          -82,184,000,000
감가상각비 및 기타상각비                   1,295,085,000,000        1,280,382,000,000
배당수익                                     209,681,000,000          239,097,000,000
법인세비용                                 1,844,490,000,000        1,470,922,000,000
이자비용                                  16,294,345,000,000       17,807,036,000,000
이자수익                                  27,988,801,000,000       29,209,338,000,000
관계기업 이익에 대한 지분                    221,225,000,000          -23,822,000,000
보험금융손익                              -1,191,195,000,000          -99,439,000,000
순보험손익                                 1,055,727,000,000          983,166,000,000
당기순이익                                 5,084,519,000,000        4,558,170,000,000
배당금의 수취                                197,982,000,000          222,887,000,000
법인세의 납부                              1,076,814,000,000        1,030,947,000,000
이자의 지급                               14,749,663,000,000       15,218,677,000,000
이자의 수취                               27,043,508,000,000       28,511,378,000,000
외화표시 현금및현금성자산에 대한...          -26,857,000,000          238,477,000,000
현금 및 현금성자산의 증가(감소)               50,889,000,000        4,830,659,000,000
----------------------------------------------------------------------------------------------------
총 계정 수: 91개

[포괄손익계산서 (CIS)]
----------------------------------------------------------------------------------------------------
계정명                                                    당기 금액                    전기 금액
----------------------------------------------------------------------------------------------------
기타포괄손익-공정가치측정유가증...           193,612,000,000           60,260,000,000
당기손익-공정가치측정금융상품 관...        2,409,365,000,000        1,210,771,000,000
기타영업외손익                              -315,573,000,000         -405,756,000,000
총포괄이익                                 4,431,005,000,000        3,812,505,000,000
비지배지분                                   110,647,000,000          109,642,000,000
지배기업 소유주지분                        4,320,358,000,000        3,702,863,000,000
기본주당이익                                           9,812                    8,441
희석주당이익                                           9,812                    8,441
순수수료손익                               2,921,211,000,000        2,714,874,000,000
수수료비용                                 1,643,112,000,000        1,580,492,000,000
수수료수익                                 4,564,323,000,000        4,295,366,000,000
상각후원가측정유가증권 처분손익                  -56,000,000          -23,155,000,000
당기손익-공정가치측정지정금융상...          -413,948,000,000         -344,453,000,000
일반관리비                                 6,402,500,000,000        6,116,240,000,000
신용손실충당금 전입액                      2,002,965,000,000        2,013,274,000,000
법인세비용                                 1,844,490,000,000        1,470,922,000,000
보험금융손익                              -1,191,195,000,000          -99,439,000,000
보험금융비용                              -1,235,282,000,000         -301,802,000,000
보험금융수익                                  44,087,000,000          202,363,000,000
순보험손익                                 1,055,727,000,000          983,166,000,000
재보험서비스비용                             189,080,000,000           75,405,000,000
재보험수익                                   202,299,000,000           73,578,000,000
보험수익                                   3,364,322,000,000        3,116,553,000,000
보험서비스비용                             2,321,814,000,000        2,131,560,000,000
순이자손익                                11,694,456,000,000       11,402,302,000,000
이자비용                                  16,294,345,000,000       17,807,036,000,000
이자수익                                  27,988,801,000,000       29,209,338,000,000
외환거래손익                                 875,962,000,000          510,985,000,000
기타포괄손익                                -653,514,000,000         -745,665,000,000
기타포괄손익-공정가치측정유가증...        -1,600,292,000,000        1,146,623,000,000
현금흐름위험회피평가손익                    -173,103,000,000           38,514,000,000
해외사업환산손익                            -144,288,000,000          416,182,000,000
재보험계약자산(부채)순금융손익              -153,683,000,000           -1,523,000,000
보험계약자산(부채)순금융손익               1,268,886,000,000       -2,334,235,000,000
후속적으로 당기손익으로 재분류되...         -819,216,000,000         -727,768,000,000
관계기업의 기타포괄손익에 대한 지분          -16,736,000,000            6,671,000,000
기타포괄손익-공정가치측정유가증...           160,107,000,000           43,258,000,000
기타포괄손익-공정가치측정유가증...             2,923,000,000            7,329,000,000
당기손익-공정가치측정지정금융부...            -2,652,000,000           -6,341,000,000
순확정급여부채(자산)의 재측정요소              5,324,000,000          -62,143,000,000
후속적으로 당기손익으로 재분류되...          165,702,000,000          -17,897,000,000
기타영업손익                              -2,325,993,000,000       -2,066,224,000,000
당기순이익                                 5,084,519,000,000        4,558,170,000,000
비지배지분                                   112,958,000,000          107,993,000,000
지배기업 소유주지분                        4,971,561,000,000        4,450,177,000,000
법인세비용차감전순이익                     6,929,009,000,000        6,029,092,000,000
영업이익                                   7,023,357,000,000        6,458,670,000,000
배당수익                                     209,681,000,000          239,097,000,000
관계기업 이익에 대한 지분                    221,225,000,000          -23,822,000,000
----------------------------------------------------------------------------------------------------
총 계정 수: 49개

[자본변동표 (SCE)]
----------------------------------------------------------------------------------------------------
계정명                                                    당기 금액                    전기 금액
----------------------------------------------------------------------------------------------------
기초자본                                  58,821,033,000,000       56,321,865,000,000
기초자본                                   2,767,277,000,000        2,601,328,000,000
기초자본                                  56,053,756,000,000       53,720,537,000,000
기초자본                                  -1,824,440,000,000       -1,074,453,000,000
기초자본                                    -807,114,000,000         -658,664,000,000
기초자본                                  39,020,580,000,000       36,387,314,000,000
기초자본                                   2,969,641,000,000        2,969,641,000,000
기초자본                                  12,094,968,000,000       12,094,968,000,000
기초자본                                   4,600,121,000,000        4,001,731,000,000
기타포괄손익 이익잉여금 재분류                             0                        0
기타포괄손익 이익잉여금 재분류                             0                        0
기타포괄손익 이익잉여금 재분류                             0                        0
기타포괄손익 이익잉여금 재분류                   830,000,000           -2,673,000,000
기타포괄손익 이익잉여금 재분류                             0                        0
기타포괄손익 이익잉여금 재분류                  -830,000,000            2,673,000,000
기타포괄손익 이익잉여금 재분류                             0                        0
기타포괄손익 이익잉여금 재분류                             0                        0
기타포괄손익 이익잉여금 재분류                             0                        0
연차배당                                                   0                        0
연차배당                                                   0                        0
연차배당                                                   0                        0
연차배당                                     267,755,000,000          268,697,000,000
연차배당                                                   0                        0
연차배당                                                   0                        0
연차배당                                     267,755,000,000          268,697,000,000
연차배당                                     267,755,000,000          268,697,000,000
연차배당                                                   0                        0
신종자본증권배당                                           0                        0
신종자본증권배당                                           0                        0
신종자본증권배당                             197,932,000,000          176,945,000,000
신종자본증권배당                                           0                        0
신종자본증권배당                                           0                        0
신종자본증권배당                             197,932,000,000          176,945,000,000
신종자본증권배당                                           0                        0
신종자본증권배당                             197,932,000,000          176,945,000,000
신종자본증권배당                                           0                        0
분기배당                                     828,228,000,000          820,287,000,000
분기배당                                                   0                        0
분기배당                                     828,228,000,000          820,287,000,000
분기배당                                                   0                        0
분기배당                                                   0                        0
분기배당                                     828,228,000,000          820,287,000,000
분기배당                                                   0                        0
분기배당                                                   0                        0
분기배당                                                   0                        0
신종자본증권발행                             797,870,000,000          797,866,000,000
신종자본증권발행                                           0                        0
신종자본증권발행                             797,870,000,000          797,866,000,000
신종자본증권발행                                           0                        0
신종자본증권발행                             797,870,000,000          797,866,000,000
신종자본증권발행                                           0                        0
신종자본증권발행                                           0                        0
신종자본증권발행                                           0                        0
신종자본증권발행                                           0                        0
신종자본증권상환                             650,000,000,000          200,000,000,000
신종자본증권상환                                           0                        0
신종자본증권상환                             650,000,000,000          200,000,000,000
신종자본증권상환                                           0                        0
신종자본증권상환                             648,154,000,000          199,476,000,000
신종자본증권상환                                           0                        0
신종자본증권상환                                           0                        0
신종자본증권상환                                           0                        0
신종자본증권상환                               1,846,000,000              524,000,000
신종자본증권 상환손실 이익잉여금...                        0                        0
신종자본증권 상환손실 이익잉여금...                        0                        0
신종자본증권 상환손실 이익잉여금...                        0                        0
신종자본증권 상환손실 이익잉여금...                        0                        0
신종자본증권 상환손실 이익잉여금...                        0                        0
신종자본증권 상환손실 이익잉여금...             -524,000,000         -102,667,000,000
신종자본증권 상환손실 이익잉여금...                        0                        0
신종자본증권 상환손실 이익잉여금...                        0                        0
신종자본증권 상환손실 이익잉여금...              524,000,000          102,667,000,000
자기주식 소각                                    -70,000,000             -102,000,000
자기주식 소각                                              0                        0
자기주식 소각                                    -70,000,000             -102,000,000
자기주식 소각                                              0                        0
자기주식 소각                                              0                        0
자기주식 소각                               -900,070,000,000         -450,102,000,000
자기주식 소각                                              0                        0
자기주식 소각                                              0                        0
자기주식 소각                                900,000,000,000          450,000,000,000
기타 비지배지분의 변동                      -464,872,000,000           56,307,000,000
기타 비지배지분의 변동                      -464,872,000,000           56,307,000,000
기타 비지배지분의 변동                                     0                        0
기타 비지배지분의 변동                                     0                        0
기타 비지배지분의 변동                                     0                        0
기타 비지배지분의 변동                                     0                        0
기타 비지배지분의 변동                                     0                        0
기타 비지배지분의 변동                                     0                        0
기타 비지배지분의 변동                                     0                        0
전환우선주의 보통주전환                                    0                        0
전환우선주의 보통주전환                                    0                        0
전환우선주의 보통주전환                                    0                        0
전환우선주의 보통주전환                                    0                        0
전환우선주의 보통주전환                                    0                        0
전환우선주의 보통주전환                                    0                        0
전환우선주의 보통주전환                                    0                        0
전환우선주의 보통주전환                                    0                        0
전환우선주의 보통주전환                                    0                        0
소유주와의 거래 합계                      -2,879,714,000,000       -1,313,337,000,000
소유주와의 거래 합계                        -464,872,000,000           56,307,000,000
소유주와의 거래 합계                      -2,414,842,000,000       -1,369,644,000,000
소유주와의 거래 합계                                       0                        0
소유주와의 거래 합계                         149,716,000,000          598,390,000,000
소유주와의 거래 합계                      -2,195,182,000,000       -1,819,584,000,000
소유주와의 거래 합계                                       0                        0
소유주와의 거래 합계                           3,590,000,000                        0
소유주와의 거래 합계                        -372,966,000,000         -148,450,000,000
기타연결자본조정의 변동                      -18,726,000,000           -1,776,000,000
기타연결자본조정의 변동                                    0                        0
기타연결자본조정의 변동                      -18,726,000,000           -1,776,000,000
기타연결자본조정의 변동                                    0                        0
기타연결자본조정의 변동                                    0                        0
기타연결자본조정의 변동                         -673,000,000             -886,000,000
기타연결자본조정의 변동                                    0                        0
기타연결자본조정의 변동                        3,590,000,000                        0
기타연결자본조정의 변동                      -21,643,000,000             -890,000,000
자기주식 취득                              1,250,001,000,000          700,000,000,000
자기주식 취득                                              0                        0
자기주식 취득                              1,250,001,000,000          700,000,000,000
자기주식 취득                                              0                        0
자기주식 취득                                              0                        0
자기주식 취득                                              0                        0
자기주식 취득                                              0                        0
자기주식 취득                                              0                        0
자기주식 취득                              1,250,001,000,000          700,000,000,000
자기주식 처분                                              0              297,000,000
자기주식 처분                                              0                        0
자기주식 처분                                              0              297,000,000
자기주식 처분                                              0                        0
자기주식 처분                                              0                        0
자기주식 처분                                              0                        0
자기주식 처분                                              0                        0
자기주식 처분                                              0                        0
자기주식 처분                                              0              297,000,000
총포괄이익                                 4,431,005,000,000        3,812,505,000,000
총포괄이익                                   110,647,000,000          109,642,000,000
총포괄이익                                 4,320,358,000,000        3,702,863,000,000
총포괄이익                                  -651,203,000,000         -747,314,000,000
총포괄이익                                                 0                        0
총포괄이익                                 4,971,561,000,000        4,450,177,000,000
총포괄이익                                                 0                        0
총포괄이익                                                 0                        0
총포괄이익                                                 0                        0
기타포괄손익                                -653,514,000,000         -745,665,000,000
기타포괄손익                                  -2,311,000,000            1,649,000,000
기타포괄손익                                -651,203,000,000         -747,314,000,000
기타포괄손익                                -651,203,000,000         -747,314,000,000
기타포괄손익                                               0                        0
기타포괄손익                                               0                        0
기타포괄손익                                               0                        0
기타포괄손익                                               0                        0
기타포괄손익                                               0                        0
현금흐름위험회피평가손익                    -173,103,000,000           38,514,000,000
현금흐름위험회피평가손익                                   0                        0
현금흐름위험회피평가손익                    -173,103,000,000           38,514,000,000
현금흐름위험회피평가손익                    -173,103,000,000           38,514,000,000
현금흐름위험회피평가손익                                   0                        0
현금흐름위험회피평가손익                                   0                        0
현금흐름위험회피평가손익                                   0                        0
현금흐름위험회피평가손익                                   0                        0
현금흐름위험회피평가손익                                   0                        0
당기손익-공정가치측정지정금융부...            -2,652,000,000           -6,341,000,000
당기손익-공정가치측정지정금융부...                         0                        0
당기손익-공정가치측정지정금융부...            -2,652,000,000           -6,341,000,000
당기손익-공정가치측정지정금융부...            -2,652,000,000           -6,341,000,000
당기손익-공정가치측정지정금융부...                         0                        0
당기손익-공정가치측정지정금융부...                         0                        0
당기손익-공정가치측정지정금융부...                         0                        0
당기손익-공정가치측정지정금융부...                         0                        0
당기손익-공정가치측정지정금융부...                         0                        0
해외사업환산손익                            -144,288,000,000          416,182,000,000
해외사업환산손익                                -338,000,000            1,176,000,000
해외사업환산손익                            -143,950,000,000          415,006,000,000
해외사업환산손익                            -143,950,000,000          415,006,000,000
해외사업환산손익                                           0                        0
해외사업환산손익                                           0                        0
해외사업환산손익                                           0                        0
해외사업환산손익                                           0                        0
해외사업환산손익                                           0                        0
재보험계약자산(부채)순금융손익              -153,683,000,000           -1,523,000,000
재보험계약자산(부채)순금융손익                             0                        0
재보험계약자산(부채)순금융손익              -153,683,000,000           -1,523,000,000
재보험계약자산(부채)순금융손익              -153,683,000,000           -1,523,000,000
재보험계약자산(부채)순금융손익                             0                        0
재보험계약자산(부채)순금융손익                             0                        0
재보험계약자산(부채)순금융손익                             0                        0
재보험계약자산(부채)순금융손익                             0                        0
재보험계약자산(부채)순금융손익                             0                        0
기타포괄손익-공정가치측정 유가증...       -1,437,262,000,000        1,197,210,000,000
기타포괄손익-공정가치측정 유가증...           -1,716,000,000              857,000,000
기타포괄손익-공정가치측정 유가증...       -1,435,546,000,000        1,196,353,000,000
기타포괄손익-공정가치측정 유가증...       -1,435,546,000,000        1,196,353,000,000
기타포괄손익-공정가치측정 유가증...                        0                        0
기타포괄손익-공정가치측정 유가증...                        0                        0
기타포괄손익-공정가치측정 유가증...                        0                        0
기타포괄손익-공정가치측정 유가증...                        0                        0
기타포괄손익-공정가치측정 유가증...                        0                        0
순확정급여부채(자산)의 재측정요소              5,324,000,000          -62,143,000,000
순확정급여부채(자산)의 재측정요소               -257,000,000             -384,000,000
순확정급여부채(자산)의 재측정요소              5,581,000,000          -61,759,000,000
순확정급여부채(자산)의 재측정요소              5,581,000,000          -61,759,000,000
순확정급여부채(자산)의 재측정요소                          0                        0
순확정급여부채(자산)의 재측정요소                          0                        0
순확정급여부채(자산)의 재측정요소                          0                        0
순확정급여부채(자산)의 재측정요소                          0                        0
순확정급여부채(자산)의 재측정요소                          0                        0
보험계약자산(부채)순금융손익               1,268,886,000,000       -2,334,235,000,000
보험계약자산(부채)순금융손익                               0                        0
보험계약자산(부채)순금융손익               1,268,886,000,000       -2,334,235,000,000
보험계약자산(부채)순금융손익               1,268,886,000,000       -2,334,235,000,000
보험계약자산(부채)순금융손익                               0                        0
보험계약자산(부채)순금융손익                               0                        0
보험계약자산(부채)순금융손익                               0                        0
보험계약자산(부채)순금융손익                               0                        0
보험계약자산(부채)순금융손익                               0                        0
관계기업의 기타포괄손익에 대한 지분          -16,736,000,000            6,671,000,000
관계기업의 기타포괄손익에 대한 지분                        0                        0
관계기업의 기타포괄손익에 대한 지분          -16,736,000,000            6,671,000,000
관계기업의 기타포괄손익에 대한 지분          -16,736,000,000            6,671,000,000
관계기업의 기타포괄손익에 대한 지분                        0                        0
관계기업의 기타포괄손익에 대한 지분                        0                        0
관계기업의 기타포괄손익에 대한 지분                        0                        0
관계기업의 기타포괄손익에 대한 지분                        0                        0
관계기업의 기타포괄손익에 대한 지분                        0                        0
당기순이익                                 5,084,519,000,000        4,558,170,000,000
당기순이익                                   112,958,000,000          107,993,000,000
당기순이익                                 4,971,561,000,000        4,450,177,000,000
당기순이익                                                 0                        0
당기순이익                                                 0                        0
당기순이익                                 4,971,561,000,000        4,450,177,000,000
당기순이익                                                 0                        0
당기순이익                                                 0                        0
당기순이익                                                 0                        0
자본총계                                  60,372,324,000,000       58,821,033,000,000
자본총계                                   2,413,052,000,000        2,767,277,000,000
자본총계                                  57,959,272,000,000       56,053,756,000,000
자본총계                                  -2,474,813,000,000       -1,824,440,000,000
자본총계                                   4,749,837,000,000        4,600,121,000,000
자본총계                                  41,796,129,000,000       39,020,580,000,000
자본총계                                   2,969,641,000,000        2,969,641,000,000
자본총계                                  12,098,558,000,000       12,094,968,000,000
자본총계                                  -1,180,080,000,000         -807,114,000,000


기업명: 우리금융지주
기업 고유번호: 01350869
사업연도: 2025
보고서 코드: 11011
재무제표 구분: CFS

[재무상태표 (BS)]
----------------------------------------------------------------------------------------------------
계정명                                                    당기 금액                    전기 금액
----------------------------------------------------------------------------------------------------
상각후원가측정유가증권                    18,707,459,000,000       19,203,177,000,000
상각후원가측정대출채권및기타금융...      412,495,783,000,000      398,471,816,000,000
자산총계                                 601,457,286,000,000      525,753,320,000,000
현금및현금성자산                          38,499,679,000,000       27,281,123,000,000
당기법인세자산                               228,229,000,000           61,613,000,000
이연법인세자산                               413,649,000,000           72,937,000,000
파생상품자산(위험회피목적)                   217,180,000,000          175,191,000,000
기타포괄손익-공정가치측정금융자산         83,499,522,000,000       43,797,745,000,000
당기손익-공정가치측정금융자산             34,245,475,000,000       25,202,672,000,000
무형자산                                   1,056,647,000,000        1,091,402,000,000
공동기업및관계기업투자자산                 2,080,008,000,000        1,748,810,000,000
투자부동산                                   998,854,000,000          450,788,000,000
매각예정자산                                 168,491,000,000           73,989,000,000
기타자산                                   4,424,728,000,000        4,605,363,000,000
유형자산                                   3,780,817,000,000        3,370,585,000,000
순확정급여자산                                20,558,000,000          146,109,000,000
재보험계약자산                               620,207,000,000                        0
자본총계                                  37,859,248,000,000       35,895,269,000,000
지배기업 소유주지분                       36,017,339,000,000       34,096,836,000,000
자본잉여금                                   933,436,000,000          934,100,000,000
기타자본                                  -1,219,327,000,000       -1,400,885,000,000
신종자본증권                               3,710,498,000,000        3,810,435,000,000
자본금                                     3,802,676,000,000        3,802,676,000,000
이익잉여금                                28,790,056,000,000       26,950,510,000,000
비지배지분                                 1,841,909,000,000        1,798,433,000,000
부채와자본총계                           601,457,286,000,000      525,753,320,000,000
발행사채                                  55,583,392,000,000       48,207,103,000,000
당기법인세부채                               723,368,000,000          127,126,000,000
이연법인세부채                               504,828,000,000          858,822,000,000
예수부채                                 376,580,845,000,000      366,821,156,000,000
파생상품부채(위험회피목적)                   615,361,000,000          102,815,000,000
당기손익-공정가치측정금융부채              6,356,934,000,000        9,896,597,000,000
보험계약부채                              45,573,864,000,000                        0
투자계약부채                               3,433,611,000,000                        0
부채총계                                 563,598,038,000,000      489,858,051,000,000
차입부채                                  34,183,267,000,000       30,117,031,000,000
기타금융부채                              38,118,058,000,000       32,314,051,000,000
기타부채                                     833,894,000,000          796,498,000,000
충당부채                                     790,733,000,000          611,428,000,000
순확정급여부채                               115,091,000,000            5,424,000,000
재보험계약부채                               184,792,000,000                        0
----------------------------------------------------------------------------------------------------
총 계정 수: 41개

[현금흐름표 (CF)]
----------------------------------------------------------------------------------------------------
계정명                                                    당기 금액                    전기 금액
----------------------------------------------------------------------------------------------------
기초 현금및현금성자산                     27,281,123,000,000       30,556,618,000,000
현금및현금성자산                          38,499,679,000,000       27,281,123,000,000
재무활동으로 인한 현금흐름                 7,685,336,000,000        1,245,341,000,000
자기주식의 취득                              150,000,000,000          136,699,000,000
신종자본증권의 발행                          797,841,000,000        1,954,820,000,000
신종자본증권의 상환                        1,541,088,000,000        1,726,936,000,000
신종자본증권 배당금의 지급                   250,188,000,000          234,931,000,000
비지배지분변동                                             0          -41,375,000,000
위험회피활동으로 인한 현금순증감              17,231,000,000          -25,442,000,000
차입부채의 순증감                          4,392,369,000,000       -3,011,120,000,000
기타부채의 순증감                                -41,000,000          -17,690,000,000
비지배지분부채의 순증감                                    0            6,589,000,000
배당금의 지급                                927,296,000,000          878,330,000,000
비지배지분 배당금의 지급                       1,414,000,000            3,829,000,000
리스부채의 상환                              251,559,000,000          238,770,000,000
발행사채의 발행                           37,210,706,000,000       41,067,565,000,000
자기주식의 처분                                            0            4,834,000,000
발행사채의 상환                           31,611,225,000,000       35,473,345,000,000
투자활동으로 인한 현금흐름                -9,880,603,000,000          -34,299,000,000
당기손익-공정가치측정금융상품의 ...       19,103,867,000,000       11,659,750,000,000
상각후원가측정유가증권의 상환              5,900,990,000,000        7,634,677,000,000
기타포괄손익-공정가치측정금융자...        35,153,473,000,000       26,921,313,000,000
당기손익-공정가치측정금융상품의 ...       20,087,654,000,000       11,111,809,000,000
상각후원가측정유가증권의 취득              5,312,962,000,000        2,586,171,000,000
기타포괄손익-공정가치측정금융자...        43,073,556,000,000       31,718,677,000,000
종속기업 변동에 따른 순현금흐름              120,121,000,000          674,625,000,000
위험회피활동으로 인한 현금순증감             -34,199,000,000                        0
지배력 상실에 따른 순현금흐름                              0                        0
지배력 획득에 따른 순현금흐름                778,468,000,000           -2,008,000,000
기타자산의 순증감                             40,489,000,000         -126,765,000,000
매각예정자산의 처분                          115,094,000,000           23,909,000,000
무형자산의 처분                                3,344,000,000            4,596,000,000
투자부동산의 처분                              4,750,000,000           64,926,000,000
공동기업및관계기업투자자산의 처분            431,389,000,000        1,253,301,000,000
유형자산의 처분                               37,626,000,000           10,730,000,000
무형자산의 취득                              180,481,000,000          190,126,000,000
공동기업및관계기업투자자산의 취득            757,496,000,000          979,480,000,000
투자부동산의 취득                                736,000,000                        0
유형자산의 취득                              325,952,000,000          221,856,000,000
영업활동으로 인한 현금흐름                13,642,391,000,000       -6,129,300,000,000
영업활동으로 인한 자산ㆍ부채의 변동        9,225,268,000,000      -13,479,204,000,000
상각후원가측정대출채권및기타금융...       -8,369,230,000,000      -21,703,969,000,000
당기손익-공정가치측정금융상품                988,108,000,000        1,594,646,000,000
재보험계약자산                                33,600,000,000                        0
기타금융부채                               3,640,406,000,000        4,806,822,000,000
기타부채                                      24,815,000,000           -9,173,000,000
충당부채                                       1,666,000,000         -203,770,000,000
재보험계약부채                               -32,097,000,000                        0
기타자산                                    -680,841,000,000       -1,254,513,000,000
예수부채                                  13,839,807,000,000        3,411,535,000,000
순확정급여부채                                14,200,000,000         -120,782,000,000
투자계약부채                                -104,735,000,000                        0
보험계약부채                                 130,431,000,000                        0
현금의 유출이 없는 비용의 가산             5,854,566,000,000        4,369,053,000,000
신용손실에대한손상차손전입액               2,102,814,000,000        1,716,295,000,000
기타충당부채관련손실                         132,442,000,000           41,938,000,000
공동기업및관계기업투자자산평가손실            24,035,000,000           19,911,000,000
파생상품관련손실(위험회피목적)               624,781,000,000           24,252,000,000
외화환산손실                                               0        1,177,859,000,000
기타손실                                                   0           10,887,000,000
기타영업비용                                   1,015,000,000            9,509,000,000
퇴직급여                                     187,514,000,000          129,029,000,000
공동기업및관계기업투자자산처분손실             1,874,000,000              532,000,000
유ㆍ무형자산및기타자산의 손상차손             86,354,000,000            3,627,000,000
유ㆍ무형자산및기타자산의 처분손실              3,475,000,000            2,233,000,000
공정가치위험회피대상관련손실                  92,138,000,000           64,571,000,000
기타포괄손익-공정가치측정금융자...            30,357,000,000            4,611,000,000
보험서비스비용                               938,626,000,000                        0
기타보험금융비용                             378,535,000,000                        0
유ㆍ무형자산및투자부동산 감가상...         1,250,606,000,000        1,163,799,000,000
현금의 유입이 없는 수익의 차감             3,939,304,000,000        1,751,674,000,000
염가매수차익                                 581,010,000,000                        0
파생상품관련이익(위험회피목적)               251,270,000,000          192,000,000,000
기타충당부채관련이익                             691,000,000           10,026,000,000
공동기업및관계기업투자자산평가이익           122,695,000,000           96,176,000,000
공동기업및관계기업투자자산처분이익             7,507,000,000           19,642,000,000
당기손익-공정가치측정금융상품관...           924,792,000,000        1,299,919,000,000
기타포괄손익-공정가치측정금융자...           160,977,000,000          101,231,000,000
외화환산이익                                 784,525,000,000                        0
유무형자산및기타자산의 처분이익               45,823,000,000            7,064,000,000
공정가치위험회피대상관련이익                  16,141,000,000           25,469,000,000
보험수익                                   1,042,497,000,000                        0
기타보험금융수익                                 405,000,000                        0
유무형자산및기타자산의 손상차손환입              971,000,000              147,000,000
조정사항                                  -8,652,576,000,000       -8,145,278,000,000
배당수익                                     484,465,000,000          310,320,000,000
법인세비용                                   862,658,000,000        1,051,378,000,000
이자비용                                  12,157,974,000,000       13,127,005,000,000
이자수익                                  21,188,743,000,000       22,013,341,000,000
배당금수취                                   482,764,000,000          310,341,000,000
법인세납부                                   708,996,000,000          424,770,000,000
이자지급                                  12,410,911,000,000       12,483,982,000,000
이자수취                                  20,564,072,000,000       22,304,745,000,000
당기순이익                                 3,227,508,000,000        3,171,469,000,000
외화표시 현금및현금성자산에 대한...         -228,568,000,000        1,642,763,000,000
현금및현금성자산의 증가(감소)             11,218,556,000,000       -3,275,495,000,000
----------------------------------------------------------------------------------------------------
총 계정 수: 96개

[포괄손익계산서 (CIS)]
----------------------------------------------------------------------------------------------------
계정명                                                    당기 금액                    전기 금액
----------------------------------------------------------------------------------------------------
상각후원가측정 금융자산매매손익              107,667,000,000          286,885,000,000
기타포괄손익-공정가치측정금융자...           130,620,000,000           96,620,000,000
당기손익-공정가치측정금융상품관...           725,939,000,000        1,492,783,000,000
순보험손익                                   103,871,000,000                        0
보험서비스비용                               938,626,000,000                        0
재보험서비스비용                              37,012,000,000                        0
보험서비스비용                               901,614,000,000                        0
보험수익                                   1,042,497,000,000                        0
재보험수익                                    36,719,000,000                        0
보험수익                                   1,005,778,000,000                        0
영업외손익                                   415,358,000,000          -32,343,000,000
기타영업외손익                               316,698,000,000         -108,608,000,000
공동기업및관계기업투자자산평가손익            98,660,000,000           76,265,000,000
기타보험금융손익                            -378,130,000,000                        0
총포괄이익                                 3,404,278,000,000        3,554,188,000,000
비지배지분                                   152,662,000,000           99,568,000,000
지배기업소유주지분                         3,251,616,000,000        3,454,620,000,000
보통주기본주당이익                                     4,052                    3,950
보통주희석주당이익                                     4,052                    3,950
순수수료손익                               2,160,404,000,000        2,086,170,000,000
수수료비용                                   857,367,000,000          788,046,000,000
수수료수익                                 3,017,771,000,000        2,874,216,000,000
신용손실에대한손상차손                     2,102,814,000,000        1,716,295,000,000
법인세비용                                   862,658,000,000        1,051,378,000,000
순이자이익                                 9,030,769,000,000        8,886,336,000,000
이자비용                                  12,157,974,000,000       13,127,005,000,000
보험금융이자비용                             756,021,000,000                        0
상각후원가측정금융부채 이자비용           11,401,953,000,000       13,127,005,000,000
이자수익                                  21,188,743,000,000       22,013,341,000,000
보험금융이자수익                               9,186,000,000                        0
당기손익-공정가치측정금융자산 이...          303,458,000,000          236,793,000,000
상각후원가측정금융자산 이자수익           19,009,985,000,000       20,494,906,000,000
기타포괄손익-공정가치측정금융자...         1,866,114,000,000        1,281,642,000,000
기타포괄손익                                 176,770,000,000          382,719,000,000
후속적으로 당기손익으로 재분류될...           86,223,000,000          583,060,000,000
현금흐름위험회피평가손익                    -167,670,000,000            6,591,000,000
해외사업환산손익                            -116,405,000,000          522,845,000,000
재보험계약자산(부채)순금융손익               -15,631,000,000                        0
기타포괄손익-공정가치측정채무증...        -1,421,826,000,000          172,155,000,000
해외사업장순투자위험회피평가손익              22,319,000,000         -114,827,000,000
보험계약자산(부채)순금융손익               1,786,814,000,000                        0
지분법자본변동                                -1,378,000,000           -3,704,000,000
후속적으로 당기손익으로 재분류되...           90,547,000,000         -200,341,000,000
당기손익-공정가치측정지정금융부...               -74,000,000            1,348,000,000
기타포괄손익-공정가치측정지분증...           100,259,000,000         -138,097,000,000
확정급여제도의 재측정요소                     -8,681,000,000          -61,929,000,000
지분법자본변동                                  -957,000,000           -1,663,000,000
기타영업손익                              -1,408,362,000,000       -2,718,656,000,000
당기순이익                                 3,227,508,000,000        3,171,469,000,000
비지배지분                                   103,162,000,000           85,474,000,000
지배기업소유주지분                         3,124,346,000,000        3,085,995,000,000
법인세비용차감전순이익                     4,090,166,000,000        4,222,847,000,000
영업이익                                   3,674,808,000,000        4,255,190,000,000
배당수익                                     484,465,000,000          310,320,000,000
일반관리비                                 5,179,621,000,000        4,468,973,000,000
----------------------------------------------------------------------------------------------------
총 계정 수: 55개

[자본변동표 (SCE)]
----------------------------------------------------------------------------------------------------
계정명                                                    당기 금액                    전기 금액
----------------------------------------------------------------------------------------------------
기초자본                                  35,895,269,000,000       33,397,490,000,000
기초자본                                   1,798,433,000,000        1,730,609,000,000
기초자본                                  34,096,836,000,000       31,666,881,000,000
기초자본                                  -1,400,885,000,000       -1,668,957,000,000
기초자본                                   3,810,435,000,000        3,611,129,000,000
기초자본                                  26,950,510,000,000       24,986,470,000,000
기초자본                                   3,802,676,000,000        3,802,676,000,000
기초자본                                     934,100,000,000          935,563,000,000
신종자본증권 배당                            250,188,000,000          234,931,000,000
신종자본증권 배당                            100,129,000,000           76,249,000,000
신종자본증권 배당                            150,059,000,000          158,682,000,000
신종자본증권 배당                                          0                        0
신종자본증권 배당                                          0                        0
신종자본증권 배당                            150,059,000,000          158,682,000,000
신종자본증권 배당                                          0                        0
신종자본증권 배당                                          0                        0
신종자본증권 발행                            797,841,000,000        1,954,820,000,000
신종자본증권 발행                                          0          757,970,000,000
신종자본증권 발행                            797,841,000,000        1,196,850,000,000
신종자본증권 발행                                          0                        0
신종자본증권 발행                            797,841,000,000        1,196,850,000,000
신종자본증권 발행                                          0                        0
신종자본증권 발행                                          0                        0
신종자본증권 발행                                          0                        0
신종자본증권 상환                          1,541,784,000,000        1,708,213,000,000
신종자본증권 상환                            644,777,000,000          658,470,000,000
신종자본증권 상환                            897,007,000,000        1,049,743,000,000
신종자본증권 상환                               -771,000,000           52,199,000,000
신종자본증권 상환                            897,778,000,000          997,544,000,000
신종자본증권 상환                                          0                        0
신종자본증권 상환                                          0                        0
신종자본증권 상환                                          0                        0
신종자본증권 상환손실 이익잉여금...                        0                        0
신종자본증권 상환손실 이익잉여금...                        0                        0
신종자본증권 상환손실 이익잉여금...                        0                        0
신종자본증권 상환손실 이익잉여금...            2,456,000,000                        0
신종자본증권 상환손실 이익잉여금...                        0                        0
신종자본증권 상환손실 이익잉여금...           -2,456,000,000                        0
신종자본증권 상환손실 이익잉여금...                        0                        0
신종자본증권 상환손실 이익잉여금...                        0                        0
주식의 포괄적 교환                                         0                        0
주식의 포괄적 교환                                         0                        0
주식의 포괄적 교환                                         0                        0
주식의 포괄적 교환                                         0                        0
주식의 포괄적 교환                                         0                        0
주식의 포괄적 교환                                         0                        0
주식의 포괄적 교환                                         0                        0
주식의 포괄적 교환                                         0                        0
보통주 배당                                  928,710,000,000          882,159,000,000
보통주 배당                                    1,414,000,000            3,829,000,000
보통주 배당                                  927,296,000,000          878,330,000,000
보통주 배당                                                0                        0
보통주 배당                                                0                        0
보통주 배당                                  927,296,000,000          878,330,000,000
보통주 배당                                                0                        0
보통주 배당                                                0                        0
종속기업자본변동                                           0            2,118,000,000
종속기업자본변동                                -225,000,000           -9,709,000,000
종속기업자본변동                                 225,000,000           11,827,000,000
종속기업자본변동                              49,742,000,000            1,264,000,000
종속기업자본변동                                           0                        0
종속기업자본변동                             -49,742,000,000           -1,693,000,000
종속기업자본변동                                           0                        0
종속기업자본변동                                 225,000,000           12,256,000,000
사업결합 관련 비지배지분 변동                643,304,000,000            4,451,000,000
사업결합 관련 비지배지분 변동                643,304,000,000            5,599,000,000
사업결합 관련 비지배지분 변동                              0           -1,148,000,000
사업결합 관련 비지배지분 변동                              0                        0
사업결합 관련 비지배지분 변동                              0                        0
사업결합 관련 비지배지분 변동                              0                        0
사업결합 관련 비지배지분 변동                              0                        0
사업결합 관련 비지배지분 변동                              0           -1,148,000,000
기타                                         -10,764,000,000          -60,372,000,000
기타                                          -5,945,000,000          -47,056,000,000
기타                                          -4,819,000,000          -13,316,000,000
기타                                                       0                        0
기타                                                       0                        0
기타                                          -3,928,000,000              -12,000,000
기타                                                       0                        0
기타                                            -891,000,000          -13,304,000,000
자기주식 순증감                             -149,998,000,000         -132,123,000,000
자기주식 순증감                                            0                        0
자기주식 순증감                             -149,998,000,000         -132,123,000,000
자기주식 순증감                                            0            3,832,000,000
자기주식 순증감                                            0                        0
자기주식 순증감                             -150,000,000,000         -136,688,000,000
자기주식 순증감                                            0                        0
자기주식 순증감                                    2,000,000              733,000,000
기타포괄손익-공정가치측정금융상...        -1,321,567,000,000           34,058,000,000
기타포괄손익-공정가치측정금융상...          -153,159,000,000             -145,000,000
기타포괄손익-공정가치측정금융상...        -1,168,408,000,000           34,203,000,000
기타포괄손익-공정가치측정금융상...        -1,168,408,000,000           34,203,000,000
기타포괄손익-공정가치측정금융상...                         0                        0
기타포괄손익-공정가치측정금융상...                         0                        0
기타포괄손익-공정가치측정금융상...                         0                        0
기타포괄손익-공정가치측정금융상...                         0                        0
기타포괄손익-공정가치측정지분증...                         0                        0
기타포괄손익-공정가치측정지분증...                         0                        0
기타포괄손익-공정가치측정지분증...                         0                        0
기타포괄손익-공정가치측정지분증...             1,319,000,000          -53,460,000,000
기타포괄손익-공정가치측정지분증...                         0                        0
기타포괄손익-공정가치측정지분증...            -1,319,000,000           53,460,000,000
기타포괄손익-공정가치측정지분증...                         0                        0
기타포괄손익-공정가치측정지분증...                         0                        0
현금흐름위험회피평가손익                    -167,670,000,000            6,591,000,000
현금흐름위험회피평가손익                     -37,157,000,000                        0
현금흐름위험회피평가손익                    -130,513,000,000            6,591,000,000
현금흐름위험회피평가손익                    -130,513,000,000            6,591,000,000
현금흐름위험회피평가손익                                   0                        0
현금흐름위험회피평가손익                                   0                        0
현금흐름위험회피평가손익                                   0                        0
현금흐름위험회피평가손익                                   0                        0
당기손익-공정가치측정지정금융부...               -74,000,000            1,348,000,000
당기손익-공정가치측정지정금융부...                         0                        0
당기손익-공정가치측정지정금융부...               -74,000,000            1,348,000,000
당기손익-공정가치측정지정금융부...               -74,000,000            1,348,000,000
당기손익-공정가치측정지정금융부...                         0                        0
당기손익-공정가치측정지정금융부...                         0                        0
당기손익-공정가치측정지정금융부...                         0                        0
당기손익-공정가치측정지정금융부...                         0                        0
해외사업환산손익                            -116,405,000,000          522,845,000,000
해외사업환산손익                              -9,392,000,000           14,214,000,000
해외사업환산손익                            -107,013,000,000          508,631,000,000
해외사업환산손익                            -107,013,000,000          508,631,000,000
해외사업환산손익                                           0                        0
해외사업환산손익                                           0                        0
해외사업환산손익                                           0                        0
해외사업환산손익                                           0                        0
재보험계약자산(부채)순금융손익               -15,631,000,000                        0
재보험계약자산(부채)순금융손익                -5,170,000,000                        0
재보험계약자산(부채)순금융손익               -10,461,000,000                        0
재보험계약자산(부채)순금융손익               -10,461,000,000                        0
재보험계약자산(부채)순금융손익                             0                        0
재보험계약자산(부채)순금융손익                             0                        0
재보험계약자산(부채)순금융손익                             0                        0
재보험계약자산(부채)순금융손익                             0                        0
확정급여제도의 재측정요소                     -8,681,000,000          -61,929,000,000
확정급여제도의 재측정요소                      2,093,000,000               25,000,000
확정급여제도의 재측정요소                    -10,774,000,000          -61,954,000,000
확정급여제도의 재측정요소                    -10,774,000,000          -61,954,000,000
확정급여제도의 재측정요소                                  0                        0
확정급여제도의 재측정요소                                  0                        0
확정급여제도의 재측정요소                                  0                        0
확정급여제도의 재측정요소                                  0                        0
해외사업장순투자위험회피평가손익              22,319,000,000         -114,827,000,000
해외사업장순투자위험회피평가손익                           0                        0
해외사업장순투자위험회피평가손익              22,319,000,000         -114,827,000,000
해외사업장순투자위험회피평가손익              22,319,000,000         -114,827,000,000
해외사업장순투자위험회피평가손익                           0                        0
해외사업장순투자위험회피평가손익                           0                        0
해외사업장순투자위험회피평가손익                           0                        0
해외사업장순투자위험회피평가손익                           0                        0
보험계약자산(부채)순금융손익               1,786,814,000,000                        0
보험계약자산(부채)순금융손익                 252,285,000,000                        0
보험계약자산(부채)순금융손익               1,534,529,000,000                        0
보험계약자산(부채)순금융손익               1,534,529,000,000                        0
보험계약자산(부채)순금융손익                               0                        0
보험계약자산(부채)순금융손익                               0                        0
보험계약자산(부채)순금융손익                               0                        0
보험계약자산(부채)순금융손익                               0                        0
지분법자본변동                                -2,335,000,000           -5,367,000,000
지분법자본변동                                             0                        0
지분법자본변동                                -2,335,000,000           -5,367,000,000
지분법자본변동                                -2,335,000,000           -5,357,000,000
지분법자본변동                                             0                        0
지분법자본변동                                             0              -10,000,000
지분법자본변동                                             0                        0
지분법자본변동                                             0                        0
당기순이익                                 3,227,508,000,000        3,171,469,000,000
당기순이익                                   103,162,000,000           85,474,000,000
당기순이익                                 3,124,346,000,000        3,085,995,000,000
당기순이익                                                 0                        0
당기순이익                                                 0                        0
당기순이익                                 3,124,346,000,000        3,085,995,000,000
당기순이익                                                 0                        0
당기순이익                                                 0                        0
자본총계                                  37,859,248,000,000       35,895,269,000,000
자본총계                                   1,841,909,000,000        1,798,433,000,000
자본총계                                  36,017,339,000,000       34,096,836,000,000
자본총계                                  -1,219,327,000,000       -1,400,885,000,000
자본총계                                   3,710,498,000,000        3,810,435,000,000
자본총계                                  28,790,056,000,000       26,950,510,000,000
자본총계                                   3,802,676,000,000        3,802,676,000,000
자본총계                                     933,436,000,000          934,100,000,000
-----------------------------------------------------------------------------------------------

기업명: 하나금융지주
기업 고유번호: 00547583
사업연도: 2025
보고서 코드: 11011
재무제표 구분: CFS

[재무상태표 (BS)]
----------------------------------------------------------------------------------------------------
계정명                                                    당기 금액                    전기 금액
----------------------------------------------------------------------------------------------------
현금 및 예치금                            43,339,918,000,000       40,404,953,000,000
상각후원가측정 대출채권                  434,222,513,000,000      403,384,381,000,000
상각후원가측정 유가증권                   30,855,819,000,000       34,077,051,000,000
자산총계                                 674,590,676,000,000      637,847,513,000,000
당기법인세자산                                54,408,000,000           71,410,000,000
이연법인세자산                               163,475,000,000          162,451,000,000
위험회피회계파생상품자산                     109,277,000,000          163,267,000,000
기타포괄손익-공정가치측정 금융자산        50,543,915,000,000       46,108,524,000,000
당기손익-공정가치측정 금융자산            73,098,647,000,000       72,637,666,000,000
보험계약자산                                  39,945,000,000           25,663,000,000
무형자산                                   1,072,497,000,000        1,046,157,000,000
관계기업 및 공동기업 투자주식              4,860,241,000,000        4,766,266,000,000
투자부동산                                 1,214,868,000,000        1,372,766,000,000
매각예정비유동자산                            36,429,000,000           43,676,000,000
기타자산                                  26,953,329,000,000       26,018,718,000,000
유형자산                                   7,930,341,000,000        7,487,309,000,000
순확정급여자산                                45,686,000,000           37,531,000,000
재보험계약자산                                49,368,000,000           39,724,000,000
자본총계                                  45,645,554,000,000       43,576,927,000,000
지배기업소유주지분                        44,579,957,000,000       42,701,020,000,000
자본조정                                    -548,563,000,000         -325,342,000,000
자본잉여금                                10,576,317,000,000       10,579,140,000,000
신종자본증권                               4,269,517,000,000        4,139,727,000,000
기타포괄손익누계액                          -909,399,000,000         -833,858,000,000
자본금                                     1,501,210,000,000        1,501,210,000,000
이익잉여금                                29,690,875,000,000       27,640,143,000,000
비지배지분                                 1,065,597,000,000          875,907,000,000
부채및자본총계                           674,590,676,000,000      637,847,513,000,000
사채                                      72,812,888,000,000       64,879,611,000,000
당기법인세부채                               760,254,000,000          352,554,000,000
이연법인세부채                               335,691,000,000          459,549,000,000
예수부채                                 409,385,271,000,000      390,208,735,000,000
위험회피회계파생상품부채                     488,894,000,000          394,086,000,000
당기손익-공정가치측정 금융부채            32,628,528,000,000       34,647,766,000,000
보험계약부채                               5,668,141,000,000        5,551,383,000,000
부채총계                                 628,945,122,000,000      594,270,586,000,000
차입부채                                  50,456,150,000,000       46,143,154,000,000
기타부채                                  55,203,907,000,000       50,426,132,000,000
충당부채                                     839,051,000,000          724,641,000,000
순확정급여부채                               359,079,000,000          475,272,000,000
재보험계약부채                                 7,268,000,000            7,703,000,000
----------------------------------------------------------------------------------------------------
총 계정 수: 41개

[현금흐름표 (CF)]
----------------------------------------------------------------------------------------------------
계정명                                                    당기 금액                    전기 금액
----------------------------------------------------------------------------------------------------
기초의 현금및현금성자산                   32,766,660,000,000       29,636,710,000,000
기말의 현금및현금성자산                   36,565,097,000,000       32,766,660,000,000
재무활동으로 인한 현금흐름                 9,527,758,000,000        3,692,000,000,000
신종자본증권 발행                          1,197,233,000,000          797,978,000,000
신종자본증권의 상환                        1,070,000,000,000          265,000,000,000
신종자본증권의 배당                          166,976,000,000          150,664,000,000
비지배지분의 순증감                           79,846,000,000          -37,715,000,000
차입부채의 순증감                          5,065,648,000,000          780,782,000,000
위험회피회계 파생상품의 순증감                25,453,000,000          -22,459,000,000
배당금지급                                 1,253,612,000,000          974,452,000,000
리스부채의 상환                              208,333,000,000          243,230,000,000
사채의 발행                               41,678,150,000,000       36,702,704,000,000
자기주식의 취득                             -754,121,000,000         -396,885,000,000
사채의 상환                               35,065,530,000,000       32,499,059,000,000
투자활동으로 인한 현금흐름                -3,946,069,000,000          596,536,000,000
당기손익-공정가치 측정 금융자산...        17,696,563,000,000       12,721,118,000,000
상각후원가측정 금융자산의 상환            10,803,457,000,000        5,763,552,000,000
기타포괄손익-공정가치측정 금융자...       30,083,496,000,000       33,002,295,000,000
당기손익-공정가치 측정 금융자산...        19,090,231,000,000       14,215,710,000,000
상각후원가측정 금융자산의 취득             7,565,670,000,000        3,030,914,000,000
기타포괄손익-공정가치측정 금융자...       34,292,704,000,000       32,987,203,000,000
보증금의 순증감                              -26,853,000,000           39,817,000,000
종속기업의 취득 및 처분으로 인한...           68,071,000,000        1,205,395,000,000
위험회피회계 파생상품의 순증감                -1,940,000,000          -51,960,000,000
매각예정비유동자산의 순증감                    5,794,000,000           17,556,000,000
무형자산의 처분                                6,009,000,000              303,000,000
투자부동산의 처분                             22,627,000,000          300,267,000,000
관계기업 투자주식의 처분                      94,784,000,000          154,106,000,000
유형자산의 처분                              313,388,000,000          205,204,000,000
무형자산의 취득                              297,905,000,000          323,263,000,000
관계기업 투자주식의 취득                      55,285,000,000          142,777,000,000
투자부동산의 취득                             60,970,000,000           60,970,000,000
유형자산의 취득                            1,648,700,000,000        2,000,280,000,000
영업활동으로 인한 현금흐름                -1,962,471,000,000       -2,451,814,000,000
영업활동으로 인한 자산 부채의 변동        -7,752,620,000,000       -8,184,060,000,000
예치금                                       878,176,000,000       -2,476,082,000,000
당기손익-공정가치측정금융자산(단...        2,359,279,000,000      -14,835,573,000,000
상각후원가측정 대출채권                  -36,503,270,000,000      -14,706,891,000,000
당기손익-공정가치측정 금융부채            -2,359,617,000,000       12,498,253,000,000
충당부채                                     -27,721,000,000         -184,587,000,000
보험계약부채                                -419,157,000,000          216,493,000,000
재보험계약자산                               -11,654,000,000           -8,380,000,000
보험계약자산                                               0          -17,945,000,000
재보험계약부채                                  -927,000,000           -3,313,000,000
관계기업투자 및 공동기업 투자주...            58,757,000,000           83,229,000,000
위험회피목적 파생상품의 순증감              -128,564,000,000           43,520,000,000
순확정급여자산                                -8,155,000,000           21,117,000,000
기타자산                                  -1,380,731,000,000        1,718,434,000,000
예수부채                                  23,483,663,000,000       11,362,343,000,000
순확정급여자산                              -340,290,000,000         -120,566,000,000
기타부채                                   5,809,277,000,000       -1,341,126,000,000
당기순이익조정을 위한 가감                -5,720,101,000,000       -6,632,827,000,000
신용손실충당금 전입액                      1,292,628,000,000        1,234,631,000,000
외화환산손익                                -279,498,000,000          468,606,000,000
기타손익                                    -116,247,000,000          -50,598,000,000
퇴직급여                                     203,260,000,000          183,456,000,000
당기손익-공정가치측정 금융상품 ...           562,595,000,000          737,909,000,000
기타포괄손익-공정가치측정 금융자...          225,587,000,000          204,692,000,000
당기손익-공정가치측정 금융상품 ...           160,155,000,000          122,292,000,000
보험관련손익                                  54,791,000,000           80,843,000,000
위험회피회계 파생상품 관련 손익              138,764,000,000          -65,768,000,000
매각예정비유동자산 관련손익                     -761,000,000             -441,000,000
유ㆍ무형자산 및 투자부동산 관련 ...           28,737,000,000          121,113,000,000
상각후원가측정 채무증권관련 신용...             -440,000,000              831,000,000
기타포괄손익-공정가치측정 금융자...             -391,000,000            1,043,000,000
감가상각비 및 무형자산상각비               1,645,594,000,000        1,480,620,000,000
배당금수익                                    92,327,000,000          107,546,000,000
법인세비용                                 1,422,310,000,000        1,283,636,000,000
이자비용                                  13,296,267,000,000       15,355,588,000,000
이자수익                                  22,459,703,000,000       24,116,588,000,000
주식기준보상비용                              48,799,000,000           24,026,000,000
지분법이익                                   301,975,000,000          353,874,000,000
상각후원가측정 금융자산 처분손익                           0                2,000,000
배당의 수취                                  104,602,000,000          107,206,000,000
법인세의 납부                              1,074,532,000,000          857,973,000,000
이자의 지급                               13,654,939,000,000       14,633,654,000,000
이자의 수취                               22,098,481,000,000       23,980,965,000,000
연결당기순이익                             4,036,638,000,000        3,768,529,000,000
외화표시 현금 및 현금성자산에 대...          179,219,000,000        1,293,228,000,000
현금및현금성자산의 순증감                  3,798,437,000,000        3,129,950,000,000
----------------------------------------------------------------------------------------------------
총 계정 수: 80개

[포괄손익계산서 (CIS)]
----------------------------------------------------------------------------------------------------
계정명                                                    당기 금액                    전기 금액
----------------------------------------------------------------------------------------------------
위험회피회계 파생상품 관련 손익              138,764,000,000          -65,768,000,000
상각후원가측정 금융자산 처분손익            -174,833,000,000          -76,242,000,000
기타포괄손익-공정가치측정 금융자...          246,940,000,000          220,765,000,000
당기손익-공정가치측정 금융상품관...        1,053,027,000,000          261,714,000,000
영업외손익                                   108,050,000,000          196,983,000,000
기타비용                                     383,685,000,000          488,058,000,000
기타수익                                     189,760,000,000          331,167,000,000
지분법이익                                   301,975,000,000          353,874,000,000
기타영업비용                               3,030,201,000,000        2,760,911,000,000
기타영업수익                               1,018,948,000,000          933,558,000,000
보험 및 재보험 금융손익                         -114,000,000           37,559,000,000
순영업이익                                12,049,749,000,000       11,212,804,000,000
총영업이익                                13,341,546,000,000       12,449,309,000,000
연결당기총포괄이익                         3,944,138,000,000        4,404,341,000,000
비지배지분                                    17,319,000,000           58,990,000,000
지배기업소유주지분                         3,926,819,000,000        4,345,351,000,000
기본주당이익                                          13,954                   12,629
희석주당이익                                          13,954                   12,629
순수수료이익                               2,718,982,000,000        2,469,854,000,000
수수료비용                                 1,297,999,000,000        1,128,960,000,000
수수료수익                                 4,016,981,000,000        3,598,814,000,000
신용손실충당금 전입액                      1,291,797,000,000        1,236,505,000,000
법인세비용                                 1,422,310,000,000        1,283,636,000,000
순보험손익                                    54,905,000,000           43,284,000,000
재보험비용                                    50,656,000,000           45,186,000,000
재보험수익                                    45,185,000,000           34,320,000,000
보험수익                                     648,222,000,000          606,134,000,000
보험서비스비용                               587,846,000,000          551,984,000,000
순이자이익                                 9,163,436,000,000        8,761,000,000,000
이자비용                                  13,296,267,000,000       15,355,588,000,000
금융상품 이자비용                         12,947,642,000,000       15,035,692,000,000
보험 및 재보험계약 이자비용                  348,625,000,000          319,896,000,000
이자수익                                  22,459,703,000,000       24,116,588,000,000
당기손익-공정가치측정 금융상품 ...         1,189,650,000,000        1,080,986,000,000
보험 및 재보험계약 이자수익                      390,000,000              304,000,000
기타포괄손익-공정가치측정 및 상...        21,269,663,000,000       23,035,298,000,000
외환거래손익                                 140,439,000,000          797,143,000,000
기타포괄손익                                 -92,500,000,000          635,812,000,000
기타포괄손익-공정가치측정채무증...          -229,662,000,000          372,198,000,000
현금흐름위험회피파생상품평가손익            -158,927,000,000           50,993,000,000
해외사업장환산외환차이                       -22,991,000,000          471,271,000,000
재보험계약 관련 금융손익                       2,148,000,000           -3,173,000,000
순투자위험회피평가손익                       -14,584,000,000         -141,881,000,000
보험계약 관련 금융손익                       189,722,000,000         -233,393,000,000
지분법자본변동                              -107,135,000,000          235,731,000,000
당기손익-공정가치측정항목지정 금...             -464,000,000            1,331,000,000
기타포괄손익-공정가치측정지분상...           263,014,000,000           55,650,000,000
확정급여제도의 재측정요소                    -14,793,000,000         -172,432,000,000
지분법자본변동                                 1,172,000,000             -483,000,000
연결당기순이익                             4,036,638,000,000        3,768,529,000,000
비지배지분                                    33,756,000,000           29,680,000,000
지배기업소유주지분                         4,002,882,000,000        3,738,849,000,000
법인세비용차감전순이익                     5,458,948,000,000        5,052,165,000,000
영업이익                                   5,350,898,000,000        4,855,182,000,000
일반관리비                                 4,687,598,000,000        4,530,269,000,000
----------------------------------------------------------------------------------------------------
총 계정 수: 55개

[자본변동표 (SCE)]
----------------------------------------------------------------------------------------------------
계정명                                                    당기 금액                    전기 금액
----------------------------------------------------------------------------------------------------
기초자본                                  43,576,927,000,000       40,181,717,000,000
기초자본                                  10,579,140,000,000       10,582,774,000,000
기초자본                                   1,501,210,000,000        1,501,210,000,000
기초자본                                  27,640,143,000,000       25,126,145,000,000
기초자본                                   4,139,727,000,000        3,606,048,000,000
기초자본                                    -833,858,000,000       -1,291,177,000,000
기초자본                                  42,701,020,000,000       39,343,318,000,000
기초자본                                     875,907,000,000          838,399,000,000
기초자본                                    -325,342,000,000         -181,682,000,000
연차배당                                     504,691,000,000          460,827,000,000
연차배당                                     504,691,000,000          460,827,000,000
연차배당                                     507,425,000,000          463,211,000,000
연차배당                                       2,734,000,000            2,384,000,000
신종자본증권 배당                            166,976,000,000          150,664,000,000
신종자본증권 배당                            166,976,000,000          150,664,000,000
신종자본증권 배당                             24,235,000,000           18,641,000,000
신종자본증권 배당                            191,211,000,000          169,305,000,000
중간배당                                     748,921,000,000          511,241,000,000
중간배당                                     748,921,000,000          511,241,000,000
중간배당                                     748,921,000,000          511,241,000,000
신종자본증권발행                           1,546,150,000,000          797,978,000,000
신종자본증권발행                           1,197,233,000,000          797,978,000,000
신종자본증권발행                           1,197,233,000,000          797,978,000,000
신종자본증권발행                             348,917,000,000                        -
신종자본증권의 상환                            2,557,000,000            2,294,000,000
신종자본증권의 상환                        1,067,443,000,000          264,299,000,000
신종자본증권의 상환                        1,070,000,000,000          265,001,000,000
신종자본증권의 상환                          149,578,000,000                        -
신종자본증권의 상환                        1,219,578,000,000          265,001,000,000
신종자본증권의 상환                                        -           -1,592,000,000
자기주식의 소각                              530,900,000,000          251,627,000,000
자기주식의 소각                             -530,900,000,000         -251,627,000,000
종속기업의 유상증자                                1,000,000                        -
종속기업의 유상증자                             -265,000,000             -904,000,000
종속기업의 유상증자                             -266,000,000             -904,000,000
종속기업의 유상증자                             -266,000,000             -904,000,000
종속기업의 지분변동                                        -           -1,161,000,000
종속기업의 지분변동                                        -             -725,000,000
종속기업의 지분변동                                        -             -436,000,000
종속기업의 지분변동                                        -             -436,000,000
기타변동                                        -140,000,000              325,000,000
기타변동                                                   -                6,000,000
기타변동                                        -140,000,000              599,000,000
기타변동                                                   -              268,000,000
기타변동                                        -140,000,000              331,000,000
자기주식 취득                                754,121,000,000          396,885,000,000
자기주식 취득                                754,121,000,000          396,885,000,000
자기주식 취득                                754,121,000,000          396,885,000,000
기타포괄손익-공정가치측정지분증...              -522,000,000          149,183,000,000
기타포괄손익-공정가치측정지분증...               522,000,000         -149,183,000,000
기타포괄손익-공정가치측정채무증...          -229,662,000,000          372,198,000,000
기타포괄손익-공정가치측정채무증...             3,279,000,000           -1,126,000,000
기타포괄손익-공정가치측정채무증...          -232,941,000,000          373,324,000,000
기타포괄손익-공정가치측정채무증...          -232,941,000,000          373,324,000,000
당기손익-공정가치측정항목지정금...              -464,000,000            1,331,000,000
당기손익-공정가치측정항목지정금...              -464,000,000            1,331,000,000
당기손익-공정가치측정항목지정금...              -464,000,000            1,331,000,000
기타포괄손익-공정가치측정지분증...           263,014,000,000           55,650,000,000
기타포괄손익-공정가치측정지분증...           263,014,000,000           55,650,000,000
기타포괄손익-공정가치측정지분증...           263,014,000,000           55,650,000,000
현금흐름위험회피파생상품평가손익            -158,927,000,000           50,993,000,000
현금흐름위험회피파생상품평가손익            -158,927,000,000           50,993,000,000
현금흐름위험회피파생상품평가손익            -158,927,000,000           50,993,000,000
해외사업장환산외환차이                        -3,110,000,000          440,803,000,000
해외사업장환산외환차이                        -3,110,000,000          440,803,000,000
해외사업장환산외환차이                       -19,881,000,000           30,468,000,000
해외사업장환산외환차이                       -22,991,000,000          471,271,000,000
재보험계약 관련 금융손익                       2,148,000,000           -3,173,000,000
재보험계약 관련 금융손익                       2,148,000,000           -3,173,000,000
재보험계약 관련 금융손익                       2,148,000,000           -3,173,000,000
확정급여제도의 재측정요소                    -14,958,000,000         -172,400,000,000
확정급여제도의 재측정요소                        165,000,000              -32,000,000
확정급여제도의 재측정요소                    -14,793,000,000         -172,432,000,000
확정급여제도의 재측정요소                    -14,958,000,000         -172,400,000,000
순투자위험회피평가손익                       -14,584,000,000         -141,881,000,000
순투자위험회피평가손익                       -14,584,000,000         -141,881,000,000
순투자위험회피평가손익                       -14,584,000,000         -141,881,000,000
보험계약 관련 금융손익                       189,722,000,000         -233,393,000,000
보험계약 관련 금융손익                       189,722,000,000         -233,393,000,000
보험계약 관련 금융손익                       189,722,000,000         -233,393,000,000
지분법자본변동                              -105,963,000,000          235,248,000,000
지분법자본변동                              -105,963,000,000          235,248,000,000
지분법자본변동                              -105,963,000,000          235,248,000,000
연결당기순이익                             4,036,638,000,000        3,768,529,000,000
연결당기순이익                                33,756,000,000           29,680,000,000
연결당기순이익                             4,002,882,000,000        3,738,849,000,000
연결당기순이익                             4,002,882,000,000        3,738,849,000,000
자본총계                                  10,576,317,000,000       10,579,140,000,000
자본총계                                   1,501,210,000,000        1,501,210,000,000
자본총계                                  29,690,875,000,000       27,640,143,000,000
자본총계                                   4,269,517,000,000        4,139,727,000,000
자본총계                                    -909,399,000,000         -833,858,000,000
자본총계                                  44,579,957,000,000       42,701,020,000,000
자본총계                                   1,065,597,000,000          875,907,000,000
자본총계                                    -548,563,000,000         -325,342,000,000
자본총계                                  45,645,554,000,000       43,576,927,000,000


기업명: 농협금융지주
기업 고유번호: 00908021
사업연도: 2025
보고서 코드: 11011
재무제표 구분: CFS

[재무상태표 (BS)]
----------------------------------------------------------------------------------------------------
계정명                                                    당기 금액                    전기 금액
----------------------------------------------------------------------------------------------------
현금및예치금                              27,815,674,000,000       33,689,126,000,000
상각후원가 측정 대출채권 및 기타...      394,589,210,000,000      353,537,772,000,000
상각후원가 측정 유가증권                  26,509,913,000,000       28,497,922,000,000
자산총계                                 602,753,447,000,000      555,316,342,000,000
당기법인세자산                               113,069,000,000            8,258,000,000
이연법인세자산                                 8,706,000,000           22,630,000,000
파생상품자산                               2,179,601,000,000        3,066,654,000,000
기타포괄손익-공정가치 측정 금융자산       81,292,977,000,000       71,839,596,000,000
당기손익-공정가치 측정 금융자산           60,246,770,000,000       55,187,456,000,000
보험계약자산                                      26,000,000               18,000,000
무형자산                                     830,677,000,000          712,019,000,000
관계기업 및 공동기업투자                     937,815,000,000          874,244,000,000
투자부동산                                 1,398,385,000,000        2,053,212,000,000
매각예정자산                                      15,000,000               15,000,000
기타자산                                     475,466,000,000          420,445,000,000
유형자산                                   4,609,102,000,000        3,676,212,000,000
순확정급여자산                                 5,435,000,000            3,661,000,000
재보험계약자산                             1,440,195,000,000        1,374,829,000,000
사용권자산                                   300,411,000,000          352,273,000,000
자본총계                                  39,905,609,000,000       36,870,759,000,000
지배주주지분                              33,370,901,000,000       31,390,027,000,000
기타불입자본                              17,664,056,000,000       17,226,335,000,000
기타포괄손익누계액                        -2,613,870,000,000       -2,465,372,000,000
자본금                                     1,505,386,000,000        1,505,386,000,000
이익잉여금                                16,815,329,000,000       15,123,678,000,000
비지배지분                                 6,534,708,000,000        5,480,732,000,000
부채및자본총계                           602,753,447,000,000      555,316,342,000,000
사채                                      46,151,346,000,000       41,676,532,000,000
당기법인세부채                                75,397,000,000          323,349,000,000
이연법인세부채                               687,868,000,000          386,423,000,000
예수부채                                 353,572,348,000,000      333,578,575,000,000
파생상품부채                               3,937,664,000,000        4,290,453,000,000
당기손익-공정가치 측정 금융부채            3,225,481,000,000        2,763,804,000,000
당기손익-공정가치 측정 지정 금융...        7,956,286,000,000        7,771,234,000,000
보험계약부채                              54,957,469,000,000       55,893,600,000,000
부채총계                                 562,847,838,000,000      518,445,583,000,000
차입부채                                  53,705,174,000,000       40,117,587,000,000
기타비금융부채                            37,610,655,000,000       30,690,028,000,000
충당부채                                     640,960,000,000          677,882,000,000
순확정급여부채                               261,568,000,000          202,660,000,000
재보험계약부채                                65,622,000,000           73,456,000,000
----------------------------------------------------------------------------------------------------
총 계정 수: 41개

[현금흐름표 (CF)]
----------------------------------------------------------------------------------------------------
계정명                                                    당기 금액                    전기 금액
----------------------------------------------------------------------------------------------------
기초 현금및현금성자산                     27,920,458,000,000       12,991,154,000,000
기말 현금및현금성자산                     19,009,945,000,000       27,920,458,000,000
재무활동으로 인한 현금흐름                17,269,113,000,000        6,543,390,000,000
신종자본증권의 발행                          359,189,000,000          498,861,000,000
신종자본증권의 상환                                        0          200,000,000,000
신종자본증권의 분배금                        180,467,000,000          132,101,000,000
차입부채의 순증감                         13,145,503,000,000        4,919,216,000,000
비지배지분의 증가                            913,132,000,000          599,095,000,000
배당금의 지급                                904,312,000,000          828,184,000,000
기타                                        -302,308,000,000         -337,245,000,000
사채의 증가                               19,445,345,000,000       18,786,704,000,000
자기주식의 취득                               48,747,000,000           51,532,000,000
사채의 감소                               15,158,222,000,000       16,711,424,000,000
투자활동으로 인한 현금흐름                -9,538,449,000,000       -1,465,830,000,000
보증금의 감소                                  9,579,000,000           19,982,000,000
보증금의 증가                                 13,889,000,000            8,426,000,000
당기손익-공정가치 측정 금융자산...        18,208,356,000,000       17,630,370,000,000
상각후원가 측정 유가증권의 처분            6,465,801,000,000        3,069,655,000,000
기타포괄손익-공정가치 측정 금융...        41,638,966,000,000       37,048,372,000,000
당기손익-공정가치 측정 금융자산...        17,975,154,000,000       16,757,658,000,000
상각후원가 측정 유가증권의 취득            4,348,996,000,000        3,803,254,000,000
기타포괄손익-공정가치 측정 금융...        52,070,062,000,000       36,545,644,000,000
위험회피파생상품의 순정산                    357,730,000,000          552,599,000,000
기타                                          27,034,000,000          -46,493,000,000
무형자산의 처분                                4,933,000,000            1,254,000,000
관계기업 등 투자지분의 처분                  114,530,000,000          148,141,000,000
투자부동산의 처분                                  2,000,000            1,065,000,000
유형자산의 처분                               90,760,000,000           58,584,000,000
무형자산의 취득                              437,788,000,000          212,412,000,000
관계기업 등 투자지분의 취득                  186,096,000,000          152,326,000,000
투자부동산의 취득                              6,343,000,000          947,892,000,000
유형자산의 취득                              702,352,000,000          416,549,000,000
영업활동으로 인한 현금흐름               -16,666,034,000,000        9,700,367,000,000
영업활동으로 인한 자산 부채의 변동       -18,735,272,000,000        5,819,784,000,000
손익조정                                 -10,596,390,000,000       -9,052,315,000,000
배당금 수입                                  533,666,000,000          468,039,000,000
법인세 납부                                  997,487,000,000          700,992,000,000
이자의 지급                               10,070,274,000,000       10,352,582,000,000
이자의 수취                               20,171,177,000,000       20,690,115,000,000
당기순이익                                 3,028,546,000,000        2,828,318,000,000
현금및현금성자산에 대한 환율변동...           24,857,000,000          151,377,000,000
현금및현금성자산의 증감                   -8,935,370,000,000       14,777,927,000,000
----------------------------------------------------------------------------------------------------
총 계정 수: 42개

[포괄손익계산서 (CIS)]
----------------------------------------------------------------------------------------------------
계정명                                                    당기 금액                    전기 금액
----------------------------------------------------------------------------------------------------
당기손익-공정가치 측정 금융상품...         1,783,909,000,000        1,271,819,000,000
당기손익-공정가치 측정 지정 금융...         -450,859,000,000         -376,552,000,000
금융투자자산손익                             157,141,000,000          -43,218,000,000
기타손익                                    -853,492,000,000         -859,795,000,000
신용손실 및 일반관리비 반영전 영...       11,048,885,000,000       10,872,574,000,000
일반관리비 반영전 영업이익                10,391,695,000,000        9,647,742,000,000
신용손실충당금전입액                         657,190,000,000        1,224,832,000,000
총포괄손익                                 2,897,423,000,000        2,133,988,000,000
비지배지분 총포괄이익                        521,265,000,000          441,586,000,000
지배기업지분 총포괄이익                    2,376,158,000,000        1,692,402,000,000
기본주당이익                                           8,085                    7,920
희석주당이익                                           8,085                    7,920
순수수료손익                               2,072,696,000,000        1,799,916,000,000
수수료비용                                   863,263,000,000          722,430,000,000
수수료수익                                 2,935,959,000,000        2,522,346,000,000
법인세비용                                 1,058,641,000,000          904,368,000,000
보험 및 재보험 금융손익                        3,189,000,000           -5,658,000,000
순보험손익                                   360,607,000,000          581,924,000,000
보험서비스비용                             4,440,856,000,000        4,041,506,000,000
재보험비용                                 1,399,992,000,000        1,274,726,000,000
재보험수익                                 1,540,493,000,000        1,401,641,000,000
보험수익                                   4,660,962,000,000        4,496,515,000,000
순이자손익                                 8,411,164,000,000        8,497,193,000,000
이자비용                                  11,985,062,000,000       12,545,765,000,000
유효이자율적용 보험 및 재보험이...         1,788,451,000,000        1,795,118,000,000
유효이자율적용 이자비용                   10,196,611,000,000       10,750,647,000,000
이자수익                                  20,396,226,000,000       21,042,958,000,000
당기손익-공정가치로 측정하는 금...           891,535,000,000          870,730,000,000
유효이자율적용 보험 및 재보험이...            42,606,000,000           61,261,000,000
유효이자율적용 이자수익                   19,462,085,000,000       20,110,967,000,000
기타포괄손익                                -131,123,000,000         -694,330,000,000
기타포괄손익-공정가치 측정 채무...          -900,831,000,000          821,827,000,000
보험 및 재보험 금융손익                    1,069,958,000,000       -1,649,394,000,000
현금흐름위험회피평가손익                    -394,372,000,000           64,623,000,000
해외사업환산손익                             -30,701,000,000          206,560,000,000
관계기업투자자산평가손익                        -899,000,000              743,000,000
기타포괄손익-공정가치 측정 지분...            14,634,000,000           13,703,000,000
당기손익-공정가치 측정 지정 금융...            8,711,000,000            2,260,000,000
기타포괄손익-공정가치 측정 지분...           137,041,000,000           14,603,000,000
확정급여제도의 재측정요소                    -34,664,000,000         -169,255,000,000
기타영업손익                              -1,288,962,000,000         -852,850,000,000
당기순이익                                 3,028,546,000,000        2,828,318,000,000
비지배지분이익                               517,356,000,000          374,648,000,000
지배기업지분이익                           2,511,190,000,000        2,453,670,000,000
법인세비용차감전순이익                     4,087,187,000,000        3,732,686,000,000
영업이익                                   4,895,956,000,000        4,509,243,000,000
일반관리비                                 5,495,739,000,000        5,138,499,000,000
기타판매비와관리비                         1,215,875,000,000        1,136,905,000,000
감가상각비와 상각비                          633,663,000,000          609,527,000,000
종업원관련비용                             3,646,201,000,000        3,392,067,000,000
지분법손익                                    44,723,000,000           83,238,000,000
----------------------------------------------------------------------------------------------------
총 계정 수: 51개

[자본변동표 (SCE)]
----------------------------------------------------------------------------------------------------
계정명                                                    당기 금액                    전기 금액
----------------------------------------------------------------------------------------------------
기초자본                                  36,870,759,000,000       34,847,308,000,000
기초자본                                   5,480,732,000,000        4,701,073,000,000
기초자본                                  31,390,027,000,000       30,146,235,000,000
기초자본                                  17,226,335,000,000       16,905,741,000,000
기초자본                                   1,505,386,000,000        1,505,386,000,000
기초자본                                  16,602,671,000,000       16,580,903,000,000
기초자본                                  -1,200,218,000,000       -1,199,721,000,000
기초자본                                  -2,465,372,000,000       -1,690,400,000,000
기초자본                                  15,123,678,000,000       13,425,508,000,000
기초자본                                   1,823,882,000,000        1,524,559,000,000
회계정책의 변경에 따른 증가(감소)                          0                        0
회계정책의 변경에 따른 증가(감소)                          0                        0
회계정책의 변경에 따른 증가(감소)                          0                        0
회계정책의 변경에 따른 증가(감소)                          0                        0
회계정책의 변경에 따른 증가(감소)                          0                        0
회계정책의 변경에 따른 증가(감소)                          0                        0
회계정책의 변경에 따른 증가(감소)                          0                        0
회계정책의 변경에 따른 증가(감소)                          0                        0
회계정책의 변경에 따른 증가(감소)                          0                        0
회계정책의 변경에 따른 증가(감소)                          0                        0
수정 후 금액                              36,870,759,000,000       34,847,308,000,000
수정 후 금액                               5,480,732,000,000        4,701,073,000,000
수정 후 금액                              31,390,027,000,000       30,146,235,000,000
수정 후 금액                              17,226,335,000,000       16,905,741,000,000
수정 후 금액                               1,823,882,000,000        1,524,559,000,000
수정 후 금액                              16,602,671,000,000       16,580,903,000,000
수정 후 금액                              -1,200,218,000,000       -1,199,721,000,000
수정 후 금액                              -2,465,372,000,000       -1,690,400,000,000
수정 후 금액                              15,123,678,000,000       13,425,508,000,000
수정 후 금액                               1,505,386,000,000        1,505,386,000,000
금융상품 재지정 효과 (사업모형 ...                         0                        0
금융상품 재지정 효과 (사업모형 ...                         0                        0
금융상품 재지정 효과 (사업모형 ...                         0                        0
금융상품 재지정 효과 (사업모형 ...                         0                        0
금융상품 재지정 효과 (사업모형 ...                         0                        0
금융상품 재지정 효과 (사업모형 ...                         0                        0
금융상품 재지정 효과 (사업모형 ...                         0                        0
금융상품 재지정 효과 (사업모형 ...                         0                        0
금융상품 재지정 효과 (사업모형 ...                         0                        0
금융상품 재지정 효과 (사업모형 ...                         0                        0
연차배당                                    -904,312,000,000         -828,184,000,000
연차배당                                    -149,312,000,000         -128,184,000,000
연차배당                                    -755,000,000,000         -700,000,000,000
연차배당                                                   0                        0
연차배당                                                   0                        0
연차배당                                                   0                        0
연차배당                                                   0                        0
연차배당                                                   0                        0
연차배당                                    -755,000,000,000         -700,000,000,000
연차배당                                                   0                        0
신종자본증권 분배금                         -180,466,000,000         -132,101,000,000
신종자본증권 분배금                         -103,450,000,000          -62,899,000,000
신종자본증권 분배금                          -77,016,000,000          -69,202,000,000
신종자본증권 분배금                                        0                        0
신종자본증권 분배금                                        0                        0
신종자본증권 분배금                                        0                        0
신종자본증권 분배금                                        0                        0
신종자본증권 분배금                                        0                        0
신종자본증권 분배금                          -77,016,000,000          -69,202,000,000
신종자본증권 분배금                                        0                        0
종속기업 신종자본증권 외부매각               513,552,000,000                        0
종속기업 신종자본증권 외부매각               499,932,000,000                        0
종속기업 신종자본증권 외부매각                13,620,000,000                        0
종속기업 신종자본증권 외부매각                13,620,000,000                        0
종속기업 신종자본증권 외부매각                             0                        0
종속기업 신종자본증권 외부매각                13,552,000,000                        0
종속기업 신종자본증권 외부매각                    68,000,000                        0
종속기업 신종자본증권 외부매각                             0                        0
종속기업 신종자본증권 외부매각                             0                        0
종속기업 신종자본증권 외부매각                             0                        0
종속기업 자기주식 취득                       -48,747,000,000          -51,532,000,000
종속기업 자기주식 취득                       -64,966,000,000          -73,300,000,000
종속기업 자기주식 취득                        16,219,000,000           21,768,000,000
종속기업 자기주식 취득                        16,219,000,000           21,768,000,000
종속기업 자기주식 취득                                     0                        0
종속기업 자기주식 취득                        16,219,000,000           21,768,000,000
종속기업 자기주식 취득                                     0                        0
종속기업 자기주식 취득                                     0                        0
종속기업 자기주식 취득                                     0                        0
종속기업 자기주식 취득                                     0                        0
신종자본증권 발행                            758,586,000,000        1,097,921,000,000
신종자본증권 발행                            399,397,000,000          599,095,000,000
신종자본증권 발행                            359,189,000,000          498,826,000,000
신종자본증권 발행                            359,189,000,000          498,826,000,000
신종자본증권 발행                            359,189,000,000          498,861,000,000
신종자본증권 발행                                          0                        0
신종자본증권 발행                                          0              -35,000,000
신종자본증권 발행                                          0                        0
신종자본증권 발행                                          0                        0
신종자본증권 발행                                          0                        0
신종자본증권 상환                                          0         -200,000,000,000
신종자본증권 상환                                          0                        0
신종자본증권 상환                                          0         -200,000,000,000
신종자본증권 상환                                          0         -200,000,000,000
신종자본증권 상환                                          0         -199,538,000,000
신종자본증권 상환                                          0                        0
신종자본증권 상환                                          0             -462,000,000
신종자본증권 상환                                          0                        0
신종자본증권 상환                                          0                        0
신종자본증권 상환                                          0                        0
종속기업 유상증자                             -1,062,000,000                        0
종속기업 유상증자                                          0                        0
종속기업 유상증자                             -1,062,000,000                        0
종속기업 유상증자                             -1,062,000,000                        0
종속기업 유상증자                                          0                        0
종속기업 유상증자                                          0                        0
종속기업 유상증자                             -1,062,000,000                        0
종속기업 유상증자                                          0                        0
종속기업 유상증자                                          0                        0
종속기업 유상증자                                          0                        0
신종자본증권상환손익 상각                                  0                        0
신종자본증권상환손익 상각                                  0                        0
신종자본증권상환손익 상각                                  0                        0
신종자본증권상환손익 상각                        989,000,000                        0
신종자본증권상환손익 상각                                  0                        0
신종자본증권상환손익 상각                                  0                        0
신종자본증권상환손익 상각                        989,000,000                        0
신종자본증권상환손익 상각                                  0                        0
신종자본증권상환손익 상각                       -989,000,000                        0
신종자본증권상환손익 상각                                  0                        0
종속기업 지분변동차이                           -124,000,000            3,361,000,000
종속기업 지분변동차이                        -48,890,000,000            3,361,000,000
종속기업 지분변동차이                         48,766,000,000                        0
종속기업 지분변동차이                         48,766,000,000                        0
종속기업 지분변동차이                                      0                        0
종속기업 지분변동차이                         48,766,000,000                        0
종속기업 지분변동차이                                      0                        0
종속기업 지분변동차이                                      0                        0
종속기업 지분변동차이                                      0                        0
종속기업 지분변동차이                                      0                        0
기타잉여금 변동                                            0               -3,000,000
기타잉여금 변동                                            0                        0
기타잉여금 변동                                            0               -3,000,000
기타잉여금 변동                                            0                        0
기타잉여금 변동                                            0                        0
기타잉여금 변동                                            0                        0
기타잉여금 변동                                            0                        0
기타잉여금 변동                                            0                        0
기타잉여금 변동                                            0               -3,000,000
기타잉여금 변동                                            0                        0
현금흐름위험회피평가손익                    -394,372,000,000           64,623,000,000
현금흐름위험회피평가손익                                   0                        0
현금흐름위험회피평가손익                    -394,372,000,000           64,623,000,000
현금흐름위험회피평가손익                                   0                        0
현금흐름위험회피평가손익                                   0                        0
현금흐름위험회피평가손익                                   0                        0
현금흐름위험회피평가손익                                   0                        0
현금흐름위험회피평가손익                    -394,372,000,000           64,623,000,000
현금흐름위험회피평가손익                                   0                        0
현금흐름위험회피평가손익                                   0                        0
당기손익- 공정가치 측정 지정 금...             8,711,000,000            2,260,000,000
당기손익- 공정가치 측정 지정 금...             3,274,000,000            1,001,000,000
당기손익- 공정가치 측정 지정 금...             5,437,000,000            1,259,000,000
당기손익- 공정가치 측정 지정 금...                         0                        0
당기손익- 공정가치 측정 지정 금...                         0                        0
당기손익- 공정가치 측정 지정 금...                         0                        0
당기손익- 공정가치 측정 지정 금...                         0                        0
당기손익- 공정가치 측정 지정 금...             5,437,000,000            1,259,000,000
당기손익- 공정가치 측정 지정 금...                         0                        0
당기손익- 공정가치 측정 지정 금...                         0                        0
기타포괄손익-공정가치 측정 금융...          -763,790,000,000          836,430,000,000
기타포괄손익-공정가치 측정 금융...            33,049,000,000           12,153,000,000
기타포괄손익-공정가치 측정 금융...          -796,839,000,000          824,277,000,000
기타포괄손익-공정가치 측정 금융...                         0                        0
기타포괄손익-공정가치 측정 금융...                         0                        0
기타포괄손익-공정가치 측정 금융...                         0                        0
기타포괄손익-공정가치 측정 금융...                         0                        0
기타포괄손익-공정가치 측정 금융...          -796,839,000,000          824,277,000,000
기타포괄손익-공정가치 측정 금융...                         0                        0
기타포괄손익-공정가치 측정 금융...                         0                        0
기타포괄손익-공정가치 측정 지분...            14,634,000,000           13,703,000,000
기타포괄손익-공정가치 측정 지분...               492,000,000               -1,000,000
기타포괄손익-공정가치 측정 지분...            14,142,000,000           13,704,000,000
기타포괄손익-공정가치 측정 지분...                         0                        0
기타포괄손익-공정가치 측정 지분...                         0                        0
기타포괄손익-공정가치 측정 지분...                         0                        0
기타포괄손익-공정가치 측정 지분...                         0                        0
기타포괄손익-공정가치 측정 지분...               676,000,000               -1,000,000
기타포괄손익-공정가치 측정 지분...            13,466,000,000           13,705,000,000
기타포괄손익-공정가치 측정 지분...                         0                        0
해외사업환산손익                             -30,701,000,000          206,560,000,000
해외사업환산손익                             -15,710,000,000           71,237,000,000
해외사업환산손익                             -14,991,000,000          135,323,000,000
해외사업환산손익                                           0                        0
해외사업환산손익                                           0                        0
해외사업환산손익                                           0                        0
해외사업환산손익                                           0                        0
해외사업환산손익                             -14,991,000,000          135,323,000,000
해외사업환산손익                                           0                        0
해외사업환산손익                                           0                        0
재보험계약금융손익                            -6,640,000,000           25,964,000,000
재보험계약금융손익                                         0                        0
재보험계약금융손익                            -6,640,000,000           25,964,000,000
재보험계약금융손익                                         0                        0
재보험계약금융손익                                         0                        0
재보험계약금융손익                                         0                        0
재보험계약금융손익                                         0                        0
재보험계약금융손익                            -6,640,000,000           25,964,000,000
재보험계약금융손익                                         0                        0
재보험계약금융손익                                         0                        0
확정급여제도의 재측정요소                    -34,664,000,000         -169,255,000,000
확정급여제도의 재측정요소                    -16,979,000,000          -17,603,000,000
확정급여제도의 재측정요소                    -17,685,000,000         -151,652,000,000
확정급여제도의 재측정요소                                  0                        0
확정급여제도의 재측정요소                                  0                        0
확정급여제도의 재측정요소                                  0                        0
확정급여제도의 재측정요소                                  0                        0
확정급여제도의 재측정요소                    -17,685,000,000         -151,652,000,000
확정급여제도의 재측정요소                                  0                        0
확정급여제도의 재측정요소                                  0                        0
보험계약금융손익                           1,076,598,000,000       -1,675,357,000,000
보험계약금융손익                                           0                        0
보험계약금융손익                           1,076,598,000,000       -1,675,357,000,000
보험계약금융손익                                           0                        0
보험계약금융손익                                           0                        0
보험계약금융손익                                           0                        0
보험계약금융손익                                           0                        0
보험계약금융손익                           1,076,598,000,000       -1,675,357,000,000
보험계약금융손익                                           0                        0
보험계약금융손익                                           0                        0
관계기업투자자산평가손익                        -899,000,000              743,000,000
관계기업투자자산평가손익                        -217,000,000              151,000,000
관계기업투자자산평가손익                        -682,000,000              592,000,000
관계기업투자자산평가손익                                   0                        0
관계기업투자자산평가손익                                   0                        0
관계기업투자자산평가손익                                   0                        0
관계기업투자자산평가손익                                   0                        0
관계기업투자자산평가손익                        -682,000,000              592,000,000
관계기업투자자산평가손익                                   0                        0
관계기업투자자산평가손익                                   0                        0
당기순이익                                 3,028,546,000,000        2,828,318,000,000
당기순이익                                   517,356,000,000          374,648,000,000
당기순이익                                 2,511,190,000,000        2,453,670,000,000
당기순이익                                                 0                        0
당기순이익                                                 0                        0
당기순이익                                                 0                        0
당기순이익                                                 0                        0
당기순이익                                                 0                        0
당기순이익                                 2,511,190,000,000        2,453,670,000,000
당기순이익                                                 0                        0
자본총계                                  39,905,609,000,000       36,870,759,000,000
자본총계                                   6,534,708,000,000        5,480,732,000,000
자본총계                                  33,370,901,000,000       31,390,027,000,000
자본총계                                  17,664,056,000,000       17,226,335,000,000
자본총계                                   2,183,071,000,000        1,823,882,000,000
자본총계                                  16,681,208,000,000       16,602,671,000,000
자본총계                                  -1,200,223,000,000       -1,200,218,000,000
자본총계                                  -2,613,870,000,000       -2,465,372,000,000
자본총계                                  16,815,329,000,000       15,123,678,000,000
자본총계                                   1,505,386,000,000        1,505,386,000,000


==============================================================================================================
[은행 재무비율 Smoke Test]
==============================================================================================================
기업명: KB금융
고유번호: 00688996
사업연도: 2025
보고서 코드: 11011
재무제표 구분: CFS

[1. 원본 재무제표 조회]
------------------------------------------------------------
조회 행 수: 349

[2. 은행 주요 계정 selector]
--------------------------------------------------------------------------------------------------------------
KEY                             재무제표      선택 계정명                          당기                전기                
--------------------------------------------------------------------------------------------------------------
total_assets                    BS        자산총계                            797,923,033,000,000757,845,532,000,000
total_liabilities               BS        부채총계                            737,093,044,000,000698,030,351,000,000
total_equity                    BS        자본총계                            60,829,989,000,00059,815,181,000,000
cash_and_deposits               BS        현금 및 예치금                        34,776,877,000,00029,869,111,000,000
loans                           BS        상각후원가 측정 대출채권                   491,978,044,000,000472,071,840,000,000
fvpl_assets                     BS        당기손익-공정가치 측정 금융자산               89,862,530,000,00079,450,093,000,000
fvoci_assets                    -         NOT FOUND                       -                 -                 
amortized_cost_securities       -         NOT FOUND                       -                 -                 
derivative_assets               BS        파생상품자산                          8,178,056,000,000 11,730,767,000,000
deposits                        BS        예수부채                            462,397,026,000,000435,687,897,000,000
borrowings                      BS        차입부채                            70,728,396,000,00068,077,012,000,000
bonds                           BS        사채                              80,049,270,000,00076,171,257,000,000
fvpl_liabilities                BS        당기손익-공정가치 측정 금융부채               11,320,590,000,00010,720,231,000,000
derivative_liabilities          BS        파생상품부채                          8,234,289,000,000 11,783,494,000,000
net_interest_income             CIS       순이자손익                           13,073,093,000,00012,826,714,000,000
net_fee_income                  CIS       순수수료손익                          4,098,287,000,000 3,849,627,000,000 
credit_loss                     CIS       신용손실충당금 (전)환입액                  2,362,878,000,000 2,044,286,000,000 
net_income                      CIS       당기순이익                           5,840,715,000,000 5,028,606,000,000 
operating_profit                CIS       영업이익                            8,517,711,000,000 8,045,261,000,000 

[3. 은행 재무비율 계산]
--------------------------------------------------------------------------------
BANK_ROA                            총자산이익률(은행)                  0.7508%
BANK_ROE                            자기자본이익률(은행)                 9.6825%
BANK_NET_INTEREST_ASSET_RATIO       순이자손익/평균자산                  1.6806%
BANK_NET_FEE_ASSET_RATIO            순수수료손익/평균자산                 0.5269%
BANK_LOAN_ASSET_RATIO               대출채권(등) 비중                  61.6573%
BANK_DEPOSIT_LIABILITY_RATIO        예수부채 비중                     62.7325%
BANK_BORROWING_LIABILITY_RATIO      차입부채 비중                     9.5956%
BANK_CREDIT_COST_RATIO              신용손실비용/평균대출채권(등)            0.4902%

[4. 결과 요약]
------------------------------------------------------------
계산 대상 비율: 8
계산 성공: 8
계산 불가: 0
모든 은행 재무비율이 계산되었습니다.

==============================================================================================================
[은행 재무비율 Smoke Test]
==============================================================================================================
기업명: 신한지주
고유번호: 00382199
사업연도: 2025
보고서 코드: 11011
재무제표 구분: CFS

[1. 원본 재무제표 조회]
------------------------------------------------------------
조회 행 수: 427

[2. 은행 주요 계정 selector]
--------------------------------------------------------------------------------------------------------------
KEY                             재무제표      선택 계정명                          당기                전기                
--------------------------------------------------------------------------------------------------------------
total_assets                    BS        자산총계                            786,013,485,000,000739,764,256,000,000
total_liabilities               BS        부채총계                            725,641,161,000,000680,943,223,000,000
total_equity                    BS        자본총계                            60,372,324,000,00058,821,033,000,000
cash_and_deposits               BS        현금 및 상각후원가측정예치금                 39,742,605,000,00040,525,712,000,000
loans                           BS        상각후원가측정대출채권                     464,773,880,000,000449,295,238,000,000
fvpl_assets                     BS        당기손익-공정가치측정금융자산                 78,053,377,000,00072,146,845,000,000
fvoci_assets                    BS        기타포괄손익-공정가치측정유가증권               103,216,950,000,00093,805,369,000,000
amortized_cost_securities       BS        상각후원가측정유가증권                     31,944,368,000,00033,315,999,000,000
derivative_assets               BS        파생상품자산                          7,153,950,000,000 10,279,257,000,000
deposits                        BS        예수부채                            447,648,971,000,000422,781,045,000,000
borrowings                      BS        차입부채                            55,394,834,000,00049,920,373,000,000
bonds                           BS        사채                              92,991,422,000,00093,765,854,000,000
fvpl_liabilities                BS        당기손익-공정가치측정금융부채                 2,312,487,000,000 954,899,000,000   
derivative_liabilities          BS        파생상품부채                          7,020,846,000,000 10,058,532,000,000
net_interest_income             CIS       순이자손익                           11,694,456,000,00011,402,302,000,000
net_fee_income                  CIS       순수수료손익                          2,921,211,000,000 2,714,874,000,000 
credit_loss                     CIS       신용손실충당금 전입액                     2,002,965,000,000 2,013,274,000,000 
net_income                      CIS       당기순이익                           5,084,519,000,000 4,558,170,000,000 
operating_profit                CIS       영업이익                            7,023,357,000,000 6,458,670,000,000 

[3. 은행 재무비율 계산]
--------------------------------------------------------------------------------
BANK_ROA                            총자산이익률(은행)                  0.6665%
BANK_ROE                            자기자본이익률(은행)                 8.5315%
BANK_NET_INTEREST_ASSET_RATIO       순이자손익/평균자산                  1.5329%
BANK_NET_FEE_ASSET_RATIO            순수수료손익/평균자산                 0.3829%
BANK_LOAN_ASSET_RATIO               대출채권(등) 비중                  59.1305%
BANK_DEPOSIT_LIABILITY_RATIO        예수부채 비중                     61.6901%
BANK_BORROWING_LIABILITY_RATIO      차입부채 비중                     7.6339%
BANK_CREDIT_COST_RATIO              신용손실비용/평균대출채권(등)            0.4383%

[4. 결과 요약]
------------------------------------------------------------
계산 대상 비율: 8
계산 성공: 8
계산 불가: 0
모든 은행 재무비율이 계산되었습니다.

==============================================================================================================
[은행 재무비율 Smoke Test]
==============================================================================================================
기업명: 하나금융지주
고유번호: 00547583
사업연도: 2025
보고서 코드: 11011
재무제표 구분: CFS

[1. 원본 재무제표 조회]
------------------------------------------------------------
조회 행 수: 272

[2. 은행 주요 계정 selector]
--------------------------------------------------------------------------------------------------------------
KEY                             재무제표      선택 계정명                          당기                전기                
--------------------------------------------------------------------------------------------------------------
total_assets                    BS        자산총계                            674,590,676,000,000637,847,513,000,000
total_liabilities               BS        부채총계                            628,945,122,000,000594,270,586,000,000
total_equity                    BS        자본총계                            45,645,554,000,00043,576,927,000,000
cash_and_deposits               BS        현금 및 예치금                        43,339,918,000,00040,404,953,000,000
loans                           BS        상각후원가측정 대출채권                    434,222,513,000,000403,384,381,000,000
fvpl_assets                     BS        당기손익-공정가치측정 금융자산                73,098,647,000,00072,637,666,000,000
fvoci_assets                    BS        기타포괄손익-공정가치측정 금융자산              50,543,915,000,00046,108,524,000,000
amortized_cost_securities       BS        상각후원가측정 유가증권                    30,855,819,000,00034,077,051,000,000
derivative_assets               BS        위험회피회계파생상품자산                    109,277,000,000   163,267,000,000   
deposits                        BS        예수부채                            409,385,271,000,000390,208,735,000,000
borrowings                      BS        차입부채                            50,456,150,000,00046,143,154,000,000
bonds                           BS        사채                              72,812,888,000,00064,879,611,000,000
fvpl_liabilities                BS        당기손익-공정가치측정 금융부채                32,628,528,000,00034,647,766,000,000
derivative_liabilities          BS        위험회피회계파생상품부채                    488,894,000,000   394,086,000,000   
net_interest_income             CIS       순이자이익                           9,163,436,000,000 8,761,000,000,000 
net_fee_income                  CIS       순수수료이익                          2,718,982,000,000 2,469,854,000,000 
credit_loss                     CIS       신용손실충당금 전입액                     1,291,797,000,000 1,236,505,000,000 
net_income                      CIS       연결당기순이익                         4,036,638,000,000 3,768,529,000,000 
operating_profit                CIS       영업이익                            5,350,898,000,000 4,855,182,000,000 

[3. 은행 재무비율 계산]
--------------------------------------------------------------------------------
BANK_ROA                            총자산이익률(은행)                  0.6151%
BANK_ROE                            자기자본이익률(은행)                 9.0485%
BANK_NET_INTEREST_ASSET_RATIO       순이자손익/평균자산                  1.3964%
BANK_NET_FEE_ASSET_RATIO            순수수료손익/평균자산                 0.4143%
BANK_LOAN_ASSET_RATIO               대출채권(등) 비중                  64.3683%
BANK_DEPOSIT_LIABILITY_RATIO        예수부채 비중                     65.0908%
BANK_BORROWING_LIABILITY_RATIO      차입부채 비중                     8.0223%
BANK_CREDIT_COST_RATIO              신용손실비용/평균대출채권(등)            0.3084%

[4. 결과 요약]
------------------------------------------------------------
계산 대상 비율: 8
계산 성공: 8
계산 불가: 0
모든 은행 재무비율이 계산되었습니다.

==============================================================================================================
[은행 재무비율 Smoke Test]
==============================================================================================================
기업명: 우리금융지주
고유번호: 01350869
사업연도: 2025
보고서 코드: 11011
재무제표 구분: CFS

[1. 원본 재무제표 조회]
------------------------------------------------------------
조회 행 수: 376

[2. 은행 주요 계정 selector]
--------------------------------------------------------------------------------------------------------------
KEY                             재무제표      선택 계정명                          당기                전기                
--------------------------------------------------------------------------------------------------------------
total_assets                    BS        자산총계                            601,457,286,000,000525,753,320,000,000
total_liabilities               BS        부채총계                            563,598,038,000,000489,858,051,000,000
total_equity                    BS        자본총계                            37,859,248,000,00035,895,269,000,000
cash_and_deposits               BS        현금및현금성자산                        38,499,679,000,00027,281,123,000,000
loans                           BS        상각후원가측정대출채권및기타금융자산              412,495,783,000,000398,471,816,000,000
fvpl_assets                     BS        당기손익-공정가치측정금융자산                 34,245,475,000,00025,202,672,000,000
fvoci_assets                    BS        기타포괄손익-공정가치측정금융자산               83,499,522,000,00043,797,745,000,000
amortized_cost_securities       BS        상각후원가측정유가증권                     18,707,459,000,00019,203,177,000,000
derivative_assets               BS        파생상품자산(위험회피목적)                  217,180,000,000   175,191,000,000   
deposits                        BS        예수부채                            376,580,845,000,000366,821,156,000,000
borrowings                      BS        차입부채                            34,183,267,000,00030,117,031,000,000
bonds                           BS        발행사채                            55,583,392,000,00048,207,103,000,000
fvpl_liabilities                BS        당기손익-공정가치측정금융부채                 6,356,934,000,000 9,896,597,000,000 
derivative_liabilities          BS        파생상품부채(위험회피목적)                  615,361,000,000   102,815,000,000   
net_interest_income             CIS       순이자이익                           9,030,769,000,000 8,886,336,000,000 
net_fee_income                  CIS       순수수료손익                          2,160,404,000,000 2,086,170,000,000 
credit_loss                     CIS       신용손실에대한손상차손                     2,102,814,000,000 1,716,295,000,000 
net_income                      CIS       당기순이익                           3,227,508,000,000 3,171,469,000,000 
operating_profit                CIS       영업이익                            3,674,808,000,000 4,255,190,000,000 

[3. 은행 재무비율 계산]
--------------------------------------------------------------------------------
BANK_ROA                            총자산이익률(은행)                  0.5727%
BANK_ROE                            자기자본이익률(은행)                 8.7520%
BANK_NET_INTEREST_ASSET_RATIO       순이자손익/평균자산                  1.6023%
BANK_NET_FEE_ASSET_RATIO            순수수료손익/평균자산                 0.3833%
BANK_LOAN_ASSET_RATIO               대출채권(등) 비중                  68.5827%
BANK_DEPOSIT_LIABILITY_RATIO        예수부채 비중                     66.8173%
BANK_BORROWING_LIABILITY_RATIO      차입부채 비중                     6.0652%
BANK_CREDIT_COST_RATIO              신용손실비용/평균대출채권(등)            0.5186%

[4. 결과 요약]
------------------------------------------------------------
계산 대상 비율: 8
계산 성공: 8
계산 불가: 0
모든 은행 재무비율이 계산되었습니다.

==============================================================================================================
[은행 재무비율 Smoke Test]
==============================================================================================================
기업명: 농협금융지주
고유번호: 00908021
사업연도: 2025
보고서 코드: 11011
재무제표 구분: CFS

[1. 원본 재무제표 조회]
------------------------------------------------------------
조회 행 수: 384

[2. 은행 주요 계정 selector]
--------------------------------------------------------------------------------------------------------------
KEY                             재무제표      선택 계정명                          당기                전기                
--------------------------------------------------------------------------------------------------------------
total_assets                    BS        자산총계                            602,753,447,000,000555,316,342,000,000
total_liabilities               BS        부채총계                            562,847,838,000,000518,445,583,000,000
total_equity                    BS        자본총계                            39,905,609,000,00036,870,759,000,000
cash_and_deposits               BS        현금및예치금                          27,815,674,000,00033,689,126,000,000
loans                           BS        상각후원가 측정 대출채권 및 기타금융자산          394,589,210,000,000353,537,772,000,000
fvpl_assets                     BS        당기손익-공정가치 측정 금융자산               60,246,770,000,00055,187,456,000,000
fvoci_assets                    BS        기타포괄손익-공정가치 측정 금융자산             81,292,977,000,00071,839,596,000,000
amortized_cost_securities       BS        상각후원가 측정 유가증권                   26,509,913,000,00028,497,922,000,000
derivative_assets               BS        파생상품자산                          2,179,601,000,000 3,066,654,000,000 
deposits                        BS        예수부채                            353,572,348,000,000333,578,575,000,000
borrowings                      BS        차입부채                            53,705,174,000,00040,117,587,000,000
bonds                           BS        사채                              46,151,346,000,00041,676,532,000,000
fvpl_liabilities                BS        당기손익-공정가치 측정 금융부채               3,225,481,000,000 2,763,804,000,000 
derivative_liabilities          BS        파생상품부채                          3,937,664,000,000 4,290,453,000,000 
net_interest_income             CIS       순이자손익                           8,411,164,000,000 8,497,193,000,000 
net_fee_income                  CIS       순수수료손익                          2,072,696,000,000 1,799,916,000,000 
credit_loss                     CIS       신용손실충당금전입액                      657,190,000,000   1,224,832,000,000 
net_income                      CIS       당기순이익                           3,028,546,000,000 2,828,318,000,000 
operating_profit                CIS       영업이익                            4,895,956,000,000 4,509,243,000,000 

[3. 은행 재무비율 계산]
--------------------------------------------------------------------------------
BANK_ROA                            총자산이익률(은행)                  0.5230%
BANK_ROE                            자기자본이익률(은행)                 7.8893%
BANK_NET_INTEREST_ASSET_RATIO       순이자손익/평균자산                  1.4526%
BANK_NET_FEE_ASSET_RATIO            순수수료손익/평균자산                 0.3580%
BANK_LOAN_ASSET_RATIO               대출채권(등) 비중                  65.4644%
BANK_DEPOSIT_LIABILITY_RATIO        예수부채 비중                     62.8185%
BANK_BORROWING_LIABILITY_RATIO      차입부채 비중                     9.5417%
BANK_CREDIT_COST_RATIO              신용손실비용/평균대출채권(등)            0.1757%

[4. 결과 요약]
------------------------------------------------------------
계산 대상 비율: 8
계산 성공: 8
계산 불가: 0
모든 은행 재무비율이 계산되었습니다.

[은행·금융지주 비교 Smoke Test]
==================================================================================================================================
사업연도: 2025
보고서 코드: 11011
재무제표 구분: CFS
비교 기업: KB금융, 신한지주, 하나금융지주, 우리금융지주, 농협금융지주

[1. 기업별 재무비율 비교]

[은행·금융지주 재무비율 비교]
------------------------------------------------------------------------------------------------------------------------------
기업명                ROA       ROE        순이자/자산       순수수료/자산       대출/자산       예수/부채       차입/부채       신용손실/대출
------------------------------------------------------------------------------------------------------------------------------
KB금융             0.75%     9.68%         1.68%         0.53%      61.66%      62.73%       9.60%         0.49%
신한지주             0.67%     8.53%         1.53%         0.38%      59.13%      61.69%       7.63%         0.44%
하나금융지주           0.62%     9.05%         1.40%         0.41%      64.37%      65.09%       8.02%         0.31%
우리금융지주           0.57%     8.75%         1.60%         0.38%      68.58%      66.82%       6.07%         0.52%
농협금융지주           0.52%     7.89%         1.45%         0.36%      65.46%      62.82%       9.54%         0.18%
------------------------------------------------------------------------------------------------------------------------------

[2. 비율별 수치 순위]

[은행·금융지주 비율별 수치 순위]
※ 단순 수치 순위이며 높고 낮음이 곧 우열을 의미하지 않습니다.

[총자산이익률(은행)]
1. KB금융: 0.75%
2. 신한지주: 0.67%
3. 하나금융지주: 0.62%
4. 우리금융지주: 0.57%
5. 농협금융지주: 0.52%

[자기자본이익률(은행)]
1. KB금융: 9.68%
2. 하나금융지주: 9.05%
3. 우리금융지주: 8.75%
4. 신한지주: 8.53%
5. 농협금융지주: 7.89%

[순이자손익/평균자산]
1. KB금융: 1.68%
2. 우리금융지주: 1.60%
3. 신한지주: 1.53%
4. 농협금융지주: 1.45%
5. 하나금융지주: 1.40%

[순수수료손익/평균자산]
1. KB금융: 0.53%
2. 하나금융지주: 0.41%
3. 우리금융지주: 0.38%
4. 신한지주: 0.38%
5. 농협금융지주: 0.36%

[대출채권(등) 비중]
1. 우리금융지주: 68.58%
2. 농협금융지주: 65.46%
3. 하나금융지주: 64.37%
4. KB금융: 61.66%
5. 신한지주: 59.13%

[예수부채 비중]
1. 우리금융지주: 66.82%
2. 하나금융지주: 65.09%
3. 농협금융지주: 62.82%
4. KB금융: 62.73%
5. 신한지주: 61.69%

[차입부채 비중]
1. KB금융: 9.60%
2. 농협금융지주: 9.54%
3. 하나금융지주: 8.02%
4. 신한지주: 7.63%
5. 우리금융지주: 6.07%

[신용손실비용/평균대출채권(등)]
1. 우리금융지주: 0.52%
2. KB금융: 0.49%
3. 신한지주: 0.44%
4. 하나금융지주: 0.31%
5. 농협금융지주: 0.18%

[3. Smoke Test 결과 요약]
--------------------------------------------------------------------------------
비교 요청 기업 수: 5
비교 성공 기업 수: 5
비교 제외 기업 수: 0
- KB금융: 8/8 계산
- 신한지주: 8/8 계산
- 하나금융지주: 8/8 계산
- 우리금융지주: 8/8 계산
- 농협금융지주: 8/8 계산